38 ;38650,0;2267104,484 ;1574208,635 ;137,221 ;0,7 ;
39 ;38651,0;2267104,473 ;1574208,574 ;137,214 ;1,2 ;
40 ;38652,0;2267104,485 ;1574208,531 ;137,203 ;0,7 ;
41 ;38653,0;2267104,470 ;1574208,534 ;137,197 ;1,2 ;
42 ;38654,0;2267104,230 ;1574208,578 ;137,204 ;1,3 ;
43 ;38655,0;2267103,854 ;1574208,668 ;137,216 ;1,1 ;
44 ;38656,0;2267103,481 ;1574208,696 ;137,220 ;0,7 ;
45 ;38657,0;2267103,116 ;1574208,697 ;137,217 ;1,0 ;
46 ;38658,0;2267102,789 ;1574208,659 ;137,221 ;1,1 ;
47 ;38659,0;2267102,471 ;1574208,617 ;137,235 ;0,8 ;
48 ;38660,0;2267102,154 ;1574208,565 ;137,216 ;0,9 ;
49 ;38661,0;2267101,884 ;1574208,521 ;137,229 ;1,0 ;
50 ;38662,0;2267101,592 ;1574208,471 ;137,224 ;0,9 ;
51 ;38663,0;2267101,261 ;1574208,400 ;137,225 ;0,8 ;
52 ;38664,0;2267100,918 ;1574208,290 ;137,212 ;0,7 ;
53 ;38664,0;2267100,859 ;1574208,269 ;137,219 ;0,7 ;
54 ;38666,0;2267100,209 ;1574207,975 ;137,223 ;0,6 ;
55 ;38667,0;2267099,821 ;1574207,785 ;137,227 ;0,7 ;
56 ;38668,0;2267099,385 ;1574207,584 ;137,229 ;0,9 ;
57 ;38669,0;2267098,812 ;1574207,387 ;137,213 ;1,0 ;
58 ;38670,0;2267098,341 ;1574207,259 ;137,218 ;0,9 ;
59 ;38671,0;2267097,890 ;1574207,123 ;137,214 ;0,9 ;
60 ;38672,0;2267097,491 ;1574207,008 ;137,234 ;0,9 ;
61 ;38673,0;2267096,979 ;1574206,873 ;137,229 ;0,7 ;
62 ;38674,0;2267096,479 ;1574206,775 ;137,211 ;0,4 ;
63 ;38675,0;2267095,934 ;1574206,613 ;137,224 ;0,3 ;
64 ;38676,0;2267095,539 ;1574206,502 ;137,211 ;0,9 ;
65 ;38678,0;2267094,446 ;1574206,341 ;137,206 ;0,9 ;
66 ;38679,0;2267093,934 ;1574206,346 ;137,221 ;0,8 ;
67 ;38680,0;2267093,427 ;1574206,343 ;137,223 ;0,9 ;
68 ;38681,0;2267092,916 ;1574206,327 ;137,200 ;0,8 ;
69 ;38682,0;2267092,391 ;1574206,306 ;137,216 ;0,6 ;
70 ;38683,0;2267091,848 ;1574206,277 ;137,226 ;0,8 ;
71 ;38684,0;2267091,341 ;1574206,249 ;137,206 ;0,7 ;
72 ;38685,0;2267090,860 ;1574206,181 ;137,217 ;0,9 ;
73 ;38686,0;2267090,350 ;1574206,102 ;137,200 ;0,9 ;
74 ;38687,0;2267089,854 ;1574206,024 ;137,237 ;0,8 ;
75 ;38688,0;2267089,358 ;1574205,936 ;137,236 ;0,7 ;
76 ;38689,0;2267088,846 ;1574205,829 ;137,220 ;1,0 ;
77 ;38690,0;2267088,315 ;1574205,745 ;137,222 ;0,6 ;
78 ;38691,0;2267087,820 ;1574205,671 ;137,235 ;1,0 ;
79 ;38692,0;2267087,349 ;1574205,574 ;137,240 ;0,8 ;
80 ;38693,0;2267086,728 ;1574205,459 ;137,222 ;0,7 ;
81 ;38694,0;2267086,278 ;1574205,406 ;137,215 ;0,9 ;
82 ;38695,0;2267085,717 ;1574205,369 ;137,216 ;0,8 ;
83 ;38696,0;2267085,203 ;1574205,329 ;137,224 ;0,8 ;
84 ;38697,0;2267084,603 ;1574205,240 ;137,219 ;0,9 ;
85 ;38698,0;2267084,072 ;1574205,151 ;137,204 ;0,9 ;
86 ;38699,0;2267083,522 ;1574205,049 ;137,220 ;0,7 ;
87 ;38700,0;2267082,947 ;1574204,949 ;137,225 ;0,9 ;
88 ;38701,0;2267082,346 ;1574204,859 ;137,225 ;0,8 ;
89 ;38702,0;2267081,852 ;1574204,811 ;137,236 ;0,9 ;
90 ;38703,0;2267081,284 ;1574204,760 ;137,240 ;0,7 ;
91 ;38704,0;2267080,764 ;1574204,652 ;137,216 ;0,7 ;
92 ;38705,0;2267080,145 ;1574204,465 ;137,246 ;0,6 ;
93 ;38706,0;2267079,816 ;1574204,361 ;137,235 ;0,6 ;
94 ;38707,0;2267079,271 ;1574204,190 ;137,226 ;0,7 ;
95 ;38708,0;2267078,593 ;1574204,063 ;137,223 ;0,7 ;
96 ;38710,0;2267077,519 ;1574203,920 ;137,231 ;0,6 ;
97 ;38711,0;2267076,946 ;1574203,904 ;137,247 ;0,7 ;
98 ;38712,0;2267076,363 ;1574203,932 ;137,239 ;0,6 ;
99 ;38713,0;2267075,812 ;1574203,985 ;137,228 ;1,7 ;
100 ;38714,0;2267075,313 ;1574203,999 ;137,235 ;1,3 ;
101 ;38715,0;2267074,836 ;1574203,950 ;137,231 ;0,6 ;
102 ;38716,0;2267074,373 ;1574203,836 ;137,244 ;1,3 ;
103 ;38717,0;2267074,115 ;1574203,772 ;137,212 ;0,6 ;
104 ;38718,0;2267073,847 ;1574203,709 ;137,219 ;0,6 ;
105 ;38719,0;2267073,581 ;1574203,648 ;137,239 ;1,4 ;
106 ;38720,0;2267073,419 ;1574203,609 ;137,220 ;1,3 ;
107 ;38721,0;2267073,237 ;1574203,574 ;137,236 ;0,6 ;
108 ;38722,0;2267073,079 ;1574203,540 ;137,240 ;0,6 ;
109 ;38723,0;2267072,898 ;1574203,508 ;137,237 ;1,4 ;
110 ;38724,0;2267072,813 ;1574203,491 ;137,234 ;0,6 ;
111 ;38725,0;2267072,650 ;1574203,468 ;137,229 ;0,6 ;
112 ;38726,0;2267072,552 ;1574203,448 ;137,222 ;0,6 ;
113 ;38728,0;2267072,222 ;1574203,402 ;137,220 ;0,6 ;
114 ;38729,0;2267071,971 ;1574203,376 ;137,204 ;0,7 ;
115 ;38730,0;2267071,715 ;1574203,333 ;137,218 ;0,6 ;
116 ;38731,0;2267071,449 ;1574203,265 ;137,216 ;1,6 ;
117 ;38732,0;2267071,182 ;1574203,175 ;137,219 ;1,4 ;
118 ;38733,0;2267070,939 ;1574203,089 ;137,228 ;1,2 ;
119 ;38734,0;2267070,713 ;1574202,994 ;137,236 ;1,4 ;
120 ;38735,0;2267070,431 ;1574202,886 ;137,219 ;0,6 ;
121 ;38736,0;2267070,098 ;1574202,777 ;137,231 ;0,6 ;
122 ;38737,0;2267069,645 ;1574202,677 ;137,232 ;1,2 ;
123 ;38738,0;2267069,163 ;1574202,634 ;137,235 ;1,2 ;
124 ;38739,0;2267068,764 ;1574202,608 ;137,237 ;1,1 ;
125 ;38740,0;2267068,407 ;1574202,574 ;137,216 ;1,3 ;
126 ;38741,0;2267068,088 ;1574202,536 ;137,221 ;1,0 ;
127 ;38742,0;2267067,759 ;1574202,486 ;137,226 ;1,1 ;
128 ;38743,0;2267067,432 ;1574202,450 ;137,222 ;1,1 ;
129 ;38744,0;2267067,120 ;1574202,404 ;137,219 ;1,1 ;
130 ;38745,0;2267066,770 ;1574202,334 ;137,224 ;1,0 ;
131 ;38746,0;2267066,398 ;1574202,280 ;137,235 ;1,0 ;
132 ;38747,0;2267066,030 ;1574202,248 ;137,236 ;1,1 ;
133 ;38748,0;2267065,735 ;1574202,222 ;137,220 ;1,0 ;
134 ;38749,0;2267065,423 ;1574202,182 ;137,228 ;1,3 ;
135 ;38750,0;2267065,067 ;1574202,106 ;137,227 ;0,9 ;
136 ;38751,0;2267064,712 ;1574202,022 ;137,229 ;1,2 ;
137 ;38752,0;2267064,419 ;1574201,926 ;137,222 ;1,4 ;
138 ;38753,0;2267063,943 ;1574201,772 ;137,229 ;1,2 ;
139 ;38754,0;2267063,527 ;1574201,646 ;137,235 ;0,6 ;
140 ;38755,0;2267063,125 ;1574201,511 ;137,227 ;1,3 ;
141 ;38756,0;2267062,732 ;1574201,381 ;137,222 ;1,3 ;
142 ;38757,0;2267062,368 ;1574201,251 ;137,237 ;0,6 ;
143 ;38758,0;2267062,035 ;1574201,109 ;137,248 ;0,6 ;
144 ;38759,0;2267061,732 ;1574200,950 ;137,245 ;1,4 ;
145 ;38760,0;2267061,437 ;1574200,768 ;137,225 ;0,6 ;
146 ;38761,0;2267061,205 ;1574200,615 ;137,234 ;0,6 ;
147 ;38762,0;2267060,898 ;1574200,418 ;137,235 ;1,3 ;
148 ;38763,0;2267060,548 ;1574200,242 ;137,228 ;0,7 ;
149 ;38765,0;2267059,735 ;1574199,970 ;137,232 ;0,7 ;
150 ;38766,0;2267059,372 ;1574199,898 ;137,257 ;0,6 ;
151 ;38767,0;2267059,021 ;1574199,821 ;137,244 ;1,0 ;
152 ;38768,0;2267058,681 ;1574199,752 ;137,252 ;0,7 ;
153 ;38769,0;2267058,366 ;1574199,681 ;137,259 ;0,8 ;
154 ;38770,0;2267058,060 ;1574199,594 ;137,250 ;0,6 ;
155 ;38771,0;2267057,737 ;1574199,499 ;137,243 ;1,0 ;
156 ;38772,0;2267057,360 ;1574199,388 ;137,245 ;0,6 ;
157 ;38773,0;2267056,934 ;1574199,273 ;137,246 ;0,8 ;
158 ;38774,0;2267056,490 ;1574199,174 ;137,249 ;0,6 ;
159 ;38775,0;2267056,021 ;1574199,104 ;137,229 ;0,9 ;
160 ;38776,0;2267055,591 ;1574199,044 ;137,238 ;0,6 ;
161 ;38777,0;2267055,165 ;1574198,976 ;137,236 ;0,6 ;
162 ;38778,0;2267054,762 ;1574198,906 ;137,244 ;0,7 ;
163 ;38779,0;2267054,386 ;1574198,798 ;137,228 ;0,6 ;
164 ;38780,0;2267054,032 ;1574198,662 ;137,222 ;0,7 ;
165 ;38781,0;2267053,674 ;1574198,498 ;137,221 ;0,6 ;
166 ;38782,0;2267053,315 ;1574198,324 ;137,245 ;0,6 ;
167 ;38783,0;2267052,952 ;1574198,145 ;137,250 ;0,6 ;
168 ;38784,0;2267052,580 ;1574197,956 ;137,223 ;0,6 ;
169 ;38785,0;2267052,214 ;1574197,760 ;137,226 ;0,6 ;
170 ;38786,0;2267051,833 ;1574197,556 ;137,230 ;0,6 ;
171 ;38787,0;2267051,336 ;1574197,319 ;137,215 ;0,7 ;
172 ;38788,0;2267051,023 ;1574197,189 ;137,233 ;0,6 ;
173 ;38789,0;2267050,707 ;1574197,055 ;137,229 ;0,7 ;
174 ;38790,0;2267050,228 ;1574196,865 ;137,221 ;0,6 ;
175 ;38791,0;2267049,865 ;1574196,717 ;137,230 ;0,6 ;
176 ;38792,0;2267049,492 ;1574196,545 ;137,219 ;0,6 ;
177 ;38793,0;2267049,127 ;1574196,367 ;137,233 ;0,6 ;
178 ;38794,0;2267048,797 ;1574196,177 ;137,231 ;1,2 ;
179 ;38795,0;2267048,500 ;1574195,956 ;137,251 ;1,4 ;
180 ;38796,0;2267048,198 ;1574195,711 ;137,223 ;1,4 ;
181 ;38797,0;2267047,867 ;1574195,394 ;137,223 ;0,6 ;
182 ;38798,0;2267047,725 ;1574195,215 ;137,228 ;1,7 ;
183 ;38799,0;2267047,424 ;1574194,840 ;137,235 ;0,7 ;
184 ;38800,0;2267047,210 ;1574194,567 ;137,226 ;0,6 ;
185 ;38802,0;2267046,583 ;1574193,833 ;137,228 ;0,7 ;
186 ;38803,0;2267046,275 ;1574193,525 ;137,230 ;1,0 ;
187 ;38804,0;2267045,953 ;1574193,211 ;137,233 ;1,1 ;
188 ;38805,0;2267045,615 ;1574192,918 ;137,239 ;1,1 ;
189 ;38806,0;2267045,274 ;1574192,642 ;137,249 ;1,2 ;
190 ;38807,0;2267044,932 ;1574192,367 ;137,238 ;0,9 ;
191 ;38808,0;2267044,562 ;1574192,096 ;137,238 ;1,0 ;
192 ;38809,0;2267044,155 ;1574191,846 ;137,247 ;1,1 ;
193 ;38810,0;2267043,649 ;1574191,577 ;137,239 ;1,1 ;
194 ;38811,0;2267043,296 ;1574191,425 ;137,244 ;1,2 ;
195 ;38812,0;2267042,850 ;1574191,278 ;137,236 ;1,2 ;
196 ;38813,0;2267042,401 ;1574191,147 ;137,239 ;0,9 ;
197 ;38814,0;2267041,937 ;1574191,040 ;137,217 ;0,8 ;
198 ;38815,0;2267041,536 ;1574190,945 ;137,233 ;0,9 ;
199 ;38816,0;2267041,172 ;1574190,829 ;137,232 ;0,9 ;
200 ;38817,0;2267040,833 ;1574190,699 ;137,235 ;0,9 ;
201 ;38818,0;2267040,481 ;1574190,529 ;137,229 ;0,9 ;
202 ;38819,0;2267040,084 ;1574190,301 ;137,252 ;0,8 ;
203 ;38820,0;2267039,894 ;1574190,181 ;137,243 ;0,7 ;
204 ;38821,0;2267039,495 ;1574189,919 ;137,244 ;0,9 ;
205 ;38822,0;2267039,195 ;1574189,735 ;137,240 ;1,0 ;
206 ;38824,0;2267038,339 ;1574189,250 ;137,213 ;1,1 ;
207 ;38825,0;2267037,979 ;1574189,044 ;137,216 ;1,1 ;
208 ;38826,0;2267037,655 ;1574188,840 ;137,228 ;0,9 ;
209 ;38827,0;2267037,360 ;1574188,615 ;137,237 ;0,9 ;
210 ;38828,0;2267037,049 ;1574188,368 ;137,236 ;1,1 ;
211 ;38829,0;2267036,719 ;1574188,118 ;137,215 ;1,1 ;
212 ;38830,0;2267036,394 ;1574187,871 ;137,237 ;1,2 ;
213 ;38831,0;2267036,074 ;1574187,630 ;137,233 ;1,0 ;
214 ;38832,0;2267035,794 ;1574187,383 ;137,251 ;1,1 ;
215 ;38833,0;2267035,477 ;1574187,117 ;137,220 ;0,9 ;
216 ;38834,0;2267035,137 ;1574186,862 ;137,240 ;1,1 ;
217 ;38835,0;2267034,807 ;1574186,609 ;137,223 ;1,2 ;
218 ;38836,0;2267034,501 ;1574186,360 ;137,243 ;1,1 ;
219 ;38837,0;2267034,167 ;1574186,102 ;137,239 ;1,2 ;
220 ;38838,0;2267033,778 ;1574185,858 ;137,225 ;0,9 ;
221 ;38839,0;2267033,293 ;1574185,620 ;137,239 ;0,7 ;
222 ;38840,0;2267032,963 ;1574185,499 ;137,212 ;1,0 ;
223 ;38841,0;2267032,686 ;1574185,391 ;137,245 ;0,9 ;
224 ;38842,0;2267032,262 ;1574185,238 ;137,234 ;1,1 ;
225 ;38843,0;2267031,878 ;1574185,103 ;137,214 ;1,1 ;
226 ;38844,0;2267031,456 ;1574184,998 ;137,215 ;1,0 ;
227 ;38845,0;2267031,057 ;1574184,909 ;137,214 ;1,0 ;
228 ;38846,0;2267030,739 ;1574184,839 ;137,252 ;0,9 ;
229 ;38847,0;2267030,411 ;1574184,777 ;137,234 ;0,9 ;
230 ;38848,0;2267030,008 ;1574184,683 ;137,236 ;0,9 ;
231 ;38849,0;2267029,797 ;1574184,636 ;137,242 ;0,9 ;
232 ;38851,0;2267029,072 ;1574184,418 ;137,214 ;0,8 ;
233 ;38852,0;2267028,774 ;1574184,263 ;137,237 ;0,7 ;
234 ;38853,0;2267028,457 ;1574184,101 ;137,235 ;0,7 ;
235 ;38854,0;2267028,147 ;1574183,928 ;137,233 ;0,6 ;
236 ;38855,0;2267027,813 ;1574183,727 ;137,252 ;0,8 ;
237 ;38856,0;2267027,451 ;1574183,532 ;137,233 ;0,7 ;
238 ;38857,0;2267027,102 ;1574183,337 ;137,222 ;0,6 ;
239 ;38858,0;2267026,750 ;1574183,125 ;137,223 ;0,6 ;
240 ;38859,0;2267026,376 ;1574182,903 ;137,221 ;0,7 ;
241 ;38860,0;2267026,032 ;1574182,690 ;137,222 ;0,7 ;
242 ;38861,0;2267025,722 ;1574182,444 ;137,223 ;0,8 ;
243 ;38862,0;2267025,428 ;1574182,141 ;137,231 ;0,6 ;
244 ;38863,0;2267025,108 ;1574181,836 ;137,227 ;0,7 ;
245 ;38864,0;2267024,791 ;1574181,509 ;137,234 ;0,6 ;
246 ;38865,0;2267024,468 ;1574181,172 ;137,226 ;0,6 ;
247 ;38866,0;2267024,121 ;1574180,858 ;137,236 ;0,6 ;
248 ;38867,0;2267023,738 ;1574180,540 ;137,237 ;0,7 ;
249 ;38868,0;2267023,325 ;1574180,251 ;137,239 ;0,6 ;
250 ;38869,0;2267022,891 ;1574180,007 ;137,236 ;0,6 ;
251 ;38870,0;2267022,451 ;1574179,782 ;137,235 ;0,6 ;
252 ;38871,0;2267022,018 ;1574179,575 ;137,216 ;0,6 ;
253 ;38872,0;2267021,622 ;1574179,379 ;137,230 ;0,7 ;
254 ;38873,0;2267021,256 ;1574179,171 ;137,230 ;0,6 ;
255 ;38874,0;2267020,929 ;1574178,949 ;137,243 ;1,2 ;
256 ;38875,0;2267020,554 ;1574178,669 ;137,240 ;1,4 ;
257 ;38876,0;2267020,305 ;1574178,470 ;137,243 ;1,4 ;
258 ;38877,0;2267019,923 ;1574178,143 ;137,254 ;1,2 ;
259 ;38878,0;2267019,595 ;1574177,864 ;137,255 ;1,3 ;
260 ;38879,0;2267019,250 ;1574177,573 ;137,222 ;1,0 ;
261 ;38880,0;2267019,025 ;1574177,394 ;137,242 ;0,9 ;
262 ;38881,0;2267018,540 ;1574176,962 ;137,275 ;1,1 ;
263 ;38882,0;2267018,253 ;1574176,730 ;137,326 ;1,1 ;
264 ;38883,0;2267017,820 ;1574176,490 ;137,320 ;1,2 ;
265 ;38884,0;2267017,376 ;1574176,259 ;137,324 ;1,1 ;
266 ;38885,0;2267016,868 ;1574176,090 ;137,249 ;1,0 ;
267 ;38886,0;2267016,458 ;1574175,927 ;137,228 ;1,1 ;
268 ;38887,0;2267016,063 ;1574175,744 ;137,227 ;1,2 ;
269 ;38888,0;2267015,662 ;1574175,536 ;137,236 ;1,1 ;
270 ;38889,0;2267015,133 ;1574175,299 ;137,229 ;0,6 ;
271 ;38890,0;2267014,765 ;1574175,133 ;137,248 ;0,6 ;
272 ;38891,0;2267014,388 ;1574174,978 ;137,232 ;0,6 ;
273 ;38893,0;2267013,330 ;1574174,600 ;137,237 ;0,7 ;
274 ;38894,0;2267012,880 ;1574174,456 ;137,220 ;0,6 ;
275 ;38895,0;2267012,443 ;1574174,306 ;137,212 ;0,6 ;
276 ;38896,0;2267012,045 ;1574174,163 ;137,222 ;0,6 ;
277 ;38897,0;2267011,701 ;1574174,003 ;137,241 ;1,3 ;
278 ;38898,0;2267011,367 ;1574173,829 ;137,244 ;1,3 ;
279 ;38899,0;2267011,061 ;1574173,638 ;137,231 ;0,6 ;
280 ;38900,0;2267010,748 ;1574173,420 ;137,214 ;0,6 ;
281 ;38901,0;2267010,414 ;1574173,174 ;137,230 ;0,7 ;
282 ;38902,0;2267010,039 ;1574172,943 ;137,203 ;0,6 ;
283 ;38903,0;2267009,618 ;1574172,732 ;137,205 ;0,6 ;
284 ;38904,0;2267009,171 ;1574172,518 ;137,215 ;0,6 ;
285 ;38905,0;2267008,750 ;1574172,322 ;137,233 ;0,6 ;
286 ;38906,0;2267008,417 ;1574172,164 ;137,230 ;1,7 ;
287 ;38907,0;2267007,947 ;1574171,937 ;137,220 ;0,6 ;
288 ;38908,0;2267007,580 ;1574171,734 ;137,226 ;0,6 ;
289 ;38909,0;2267007,208 ;1574171,525 ;137,236 ;0,8 ;
290 ;38910,0;2267006,801 ;1574171,320 ;137,239 ;0,8 ;
291 ;38911,0;2267006,451 ;1574171,152 ;137,228 ;0,6 ;
292 ;38912,0;2267005,908 ;1574170,935 ;137,235 ;0,6 ;
293 ;38913,0;2267005,469 ;1574170,784 ;137,248 ;0,7 ;
294 ;38914,0;2267005,015 ;1574170,643 ;137,248 ;0,8 ;
295 ;38915,0;2267004,543 ;1574170,543 ;137,249 ;0,8 ;
296 ;38916,0;2267004,055 ;1574170,460 ;137,231 ;1,0 ;
297 ;38917,0;2267003,587 ;1574170,413 ;137,248 ;0,8 ;
298 ;38918,0;2267003,147 ;1574170,395 ;137,261 ;1,0 ;
299 ;38919,0;2267002,674 ;1574170,357 ;137,259 ;0,9 ;
300 ;38920,0;2267002,471 ;1574170,320 ;137,257 ;0,9 ;
301 ;38921,0;2267002,147 ;1574170,257 ;137,248 ;0,7 ;
302 ;38922,0;2267001,829 ;1574170,177 ;137,232 ;0,7 ;
303 ;38923,0;2267001,542 ;1574170,053 ;137,231 ;1,0 ;
304 ;38924,0;2267001,159 ;1574169,869 ;137,240 ;1,0 ;
305 ;38925,0;2267000,889 ;1574169,738 ;137,226 ;1,0 ;
306 ;38927,0;2267000,226 ;1574169,322 ;137,238 ;1,2 ;
307 ;38928,0;2266999,876 ;1574169,096 ;137,240 ;1,2 ;
308 ;38929,0;2266999,497 ;1574168,862 ;137,224 ;1,5 ;
309 ;38930,0;2266999,105 ;1574168,625 ;137,235 ;1,7 ;
310 ;38931,0;2266998,702 ;1574168,415 ;137,252 ;1,7 ;
311 ;38932,0;2266998,348 ;1574168,216 ;137,245 ;1,6 ;
312 ;38933,0;2266998,030 ;1574168,000 ;137,245 ;1,6 ;
313 ;38934,0;2266997,655 ;1574167,733 ;137,229 ;1,9 ;
314 ;38935,0;2266997,200 ;1574167,451 ;137,245 ;1,8 ;
315 ;38936,0;2266996,694 ;1574167,238 ;137,216 ;1,8 ;
316 ;38937,0;2266996,370 ;1574167,129 ;137,232 ;1,8 ;
317 ;38938,0;2266995,830 ;1574166,980 ;137,245 ;1,8 ;
318 ;38939,0;2266995,370 ;1574166,921 ;137,252 ;1,7 ;
319 ;38940,0;2266994,882 ;1574166,898 ;137,250 ;1,1 ;
320 ;38941,0;2266994,429 ;1574166,923 ;137,305 ;1,4 ;
321 ;38942,0;2266993,892 ;1574166,953 ;137,283 ;1,3 ;
322 ;38944,0;2266993,290 ;1574166,891 ;137,285 ;1,2 ;
323 ;38945,0;2266993,085 ;1574166,869 ;137,266 ;1,3 ;
324 ;38946,0;2266992,739 ;1574166,792 ;137,268 ;1,3 ;
325 ;38947,0;2266992,493 ;1574166,733 ;137,245 ;0,9 ;
326 ;38948,0;2266992,256 ;1574166,667 ;137,250 ;1,0 ;
327 ;38949,0;2266991,999 ;1574166,579 ;137,248 ;1,4 ;
328 ;38950,0;2266991,755 ;1574166,460 ;137,260 ;1,3 ;
329 ;38951,0;2266991,512 ;1574166,321 ;137,247 ;1,4 ;
330 ;38952,0;2266991,150 ;1574166,093 ;137,237 ;1,5 ;
331 ;38953,0;2266990,879 ;1574165,914 ;137,239 ;1,4 ;
332 ;38954,0;2266990,517 ;1574165,682 ;137,235 ;1,6 ;
333 ;38956,0;2266989,757 ;1574165,227 ;137,234 ;1,0 ;
334 ;38957,0;2266989,410 ;1574165,009 ;137,256 ;1,3 ;
335 ;38958,0;2266989,024 ;1574164,772 ;137,230 ;1,3 ;
336 ;38959,0;2266988,648 ;1574164,537 ;137,243 ;1,4 ;
337 ;38960,0;2266988,264 ;1574164,298 ;137,236 ;1,2 ;
338 ;38961,0;2266987,873 ;1574164,064 ;137,242 ;1,6 ;
339 ;38962,0;2266987,478 ;1574163,835 ;137,259 ;1,8 ;
340 ;38963,0;2266987,096 ;1574163,621 ;137,242 ;2,1 ;
341 ;38964,0;2266986,683 ;1574163,399 ;137,220 ;2,2 ;
342 ;38965,0;2266986,257 ;1574163,181 ;137,231 ;2,2 ;
343 ;38966,0;2266985,812 ;1574162,967 ;137,239 ;2,2 ;
344 ;38967,0;2266985,373 ;1574162,776 ;137,230 ;2,2 ;
345 ;38968,0;2266984,996 ;1574162,585 ;137,230 ;2,2 ;
346 ;38969,0;2266984,713 ;1574162,425 ;137,238 ;2,3 ;
347 ;38970,0;2266984,269 ;1574162,166 ;137,226 ;2,3 ;
348 ;38971,0;2266983,899 ;1574161,929 ;137,245 ;2,3 ;
349 ;38972,0;2266983,518 ;1574161,694 ;137,232 ;2,3 ;
350 ;38973,0;2266983,138 ;1574161,454 ;137,252 ;1,7 ;
351 ;38974,0;2266982,757 ;1574161,218 ;137,229 ;2,2 ;
352 ;38975,0;2266982,377 ;1574160,969 ;137,247 ;2,2 ;
353 ;38976,0;2266981,922 ;1574160,681 ;137,229 ;2,2 ;
354 ;38977,0;2266981,625 ;1574160,474 ;137,245 ;2,3 ;
355 ;38979,0;2266980,852 ;1574159,952 ;137,220 ;2,3 ;
356 ;38980,0;2266980,463 ;1574159,701 ;137,227 ;1,9 ;
357 ;38981,0;2266980,052 ;1574159,453 ;137,233 ;2,1 ;
358 ;38982,0;2266979,635 ;1574159,221 ;137,225 ;2,1 ;
359 ;38983,0;2266979,208 ;1574158,991 ;137,231 ;2,3 ;
360 ;38984,0;2266978,777 ;1574158,766 ;137,217 ;2,2 ;
361 ;38985,0;2266978,431 ;1574158,577 ;137,213 ;2,1 ;
362 ;38986,0;2266977,908 ;1574158,293 ;137,239 ;2,0 ;
363 ;38987,0;2266977,472 ;1574158,056 ;137,230 ;2,1 ;
364 ;38988,0;2266977,035 ;1574157,816 ;137,220 ;2,1 ;
365 ;38989,0;2266976,582 ;1574157,557 ;137,226 ;2,1 ;
366 ;38990,0;2266976,135 ;1574157,326 ;137,222 ;2,0 ;
367 ;38991,0;2266975,653 ;1574157,082 ;137,250 ;1,9 ;
368 ;38992,0;2266975,077 ;1574156,798 ;137,252 ;1,7 ;
369 ;38993,0;2266974,779 ;1574156,654 ;137,251 ;1,8 ;
370 ;38994,0;2266974,281 ;1574156,433 ;137,254 ;1,7 ;
371 ;38995,0;2266973,785 ;1574156,209 ;137,228 ;1,6 ;
372 ;38996,0;2266973,297 ;1574155,982 ;137,239 ;1,8 ;
373 ;38997,0;2266972,721 ;1574155,698 ;137,240 ;1,9 ;
374 ;38998,0;2266972,333 ;1574155,490 ;137,233 ;1,9 ;
375 ;39000,0;2266971,227 ;1574154,915 ;137,222 ;1,6 ;
376 ;39001,0;2266970,727 ;1574154,644 ;137,216 ;1,4 ;
377 ;39002,0;2266970,218 ;1574154,361 ;137,210 ;1,7 ;
378 ;39003,0;2266969,709 ;1574154,074 ;137,218 ;1,8 ;
379 ;39004,0;2266969,193 ;1574153,802 ;137,227 ;1,9 ;
380 ;39005,0;2266968,681 ;1574153,539 ;137,244 ;1,7 ;
381 ;39006,0;2266968,199 ;1574153,130 ;137,451 ;1,9 ;
382 ;39018,0;2266965,304 ;1574149,561 ;137,247 ;2,0 ;
383 ;39019,0;2266965,372 ;1574149,266 ;137,249 ;2,1 ;
384 ;39020,0;2266965,434 ;1574148,941 ;137,224 ;2,4 ;
385 ;39021,0;2266965,496 ;1574148,627 ;137,230 ;2,3 ;
386 ;39022,0;2266965,568 ;1574148,346 ;137,208 ;3,7 ;
387 ;39023,0;2266965,655 ;1574148,040 ;137,219 ;3,7 ;
388 ;39024,0;2266965,817 ;1574147,664 ;137,203 ;3,8 ;
389 ;39025,0;2266965,898 ;1574147,467 ;137,192 ;4,0 ;
390 ;39026,0;2266966,055 ;1574147,141 ;137,213 ;4,8 ;
391 ;39027,0;2266966,220 ;1574146,810 ;137,225 ;5,6 ;
393 ;39030,0;2266966,574 ;1574145,977 ;137,253 ;5,9 ;
394 ;39031,0;2266966,716 ;1574145,793 ;137,251 ;5,9 ;
395 ;39032,0;2266966,830 ;1574145,699 ;137,246 ;5,9 ;
396 ;39033,0;2266966,953 ;1574145,666 ;137,256 ;5,9 ;
397 ;39034,0;2266967,098 ;1574145,686 ;137,250 ;5,7 ;
398 ;39035,0;2266967,354 ;1574145,774 ;137,266 ;5,9 ;
399 ;39036,0;2266967,654 ;1574145,884 ;137,248 ;6,0 ;
400 ;39037,0;2266967,938 ;1574145,994 ;137,237 ;6,1 ;
401 ;39038,0;2266968,252 ;1574146,099 ;137,248 ;6,0 ;
402 ;39039,0;2266968,588 ;1574146,185 ;137,251 ;6,2 ;
403 ;39040,0;2266968,927 ;1574146,269 ;137,232 ;6,2 ;
404 ;39041,0;2266969,227 ;1574146,350 ;137,253 ;6,1 ;
405 ;39042,0;2266969,534 ;1574146,436 ;137,238 ;5,9 ;
406 ;39043,0;2266969,835 ;1574146,557 ;137,216 ;6,2 ;
407 ;39044,0;2266970,213 ;1574146,667 ;137,209 ;6,2 ;
408 ;39045,0;2266970,651 ;1574146,741 ;137,250 ;6,2 ;
409 ;39046,0;2266971,028 ;1574146,795 ;137,244 ;6,1 ;
410 ;39047,0;2266971,389 ;1574146,884 ;137,240 ;6,1 ;
411 ;39048,0;2266971,732 ;1574146,994 ;137,241 ;6,1 ;
412 ;39049,0;2266972,106 ;1574147,127 ;137,224 ;6,0 ;
413 ;39050,0;2266972,555 ;1574147,268 ;137,220 ;5,9 ;
414 ;39051,0;2266973,052 ;1574147,391 ;137,235 ;5,9 ;
415 ;39052,0;2266973,643 ;1574147,476 ;137,219 ;5,8 ;
416 ;39053,0;2266974,199 ;1574147,530 ;137,246 ;6,0 ;
417 ;39054,0;2266974,821 ;1574147,656 ;137,241 ;5,7 ;
418 ;39055,0;2266975,231 ;1574147,802 ;137,243 ;5,7 ;
419 ;39056,0;2266975,755 ;1574148,021 ;137,238 ;5,5 ;
420 ;39057,0;2266976,375 ;1574148,314 ;137,242 ;5,5 ;
421 ;39058,0;2266976,782 ;1574148,517 ;137,252 ;5,5 ;
422 ;39059,0;2266977,290 ;1574148,787 ;137,227 ;5,6 ;
423 ;39060,0;2266977,806 ;1574149,064 ;137,236 ;5,5 ;
424 ;39061,0;2266978,283 ;1574149,348 ;137,224 ;5,5 ;
425 ;39062,0;2266978,641 ;1574149,606 ;137,236 ;5,6 ;
426 ;39063,0;2266979,069 ;1574149,960 ;137,230 ;5,4 ;
427 ;39064,0;2266979,503 ;1574150,312 ;137,237 ;5,4 ;
428 ;39065,0;2266979,947 ;1574150,641 ;137,236 ;5,4 ;
429 ;39066,0;2266980,413 ;1574150,947 ;137,245 ;5,8 ;
430 ;39067,0;2266980,889 ;1574151,248 ;137,244 ;5,9 ;
431 ;39068,0;2266981,344 ;1574151,551 ;137,241 ;5,7 ;
432 ;39069,0;2266981,779 ;1574151,871 ;137,239 ;5,8 ;
433 ;39070,0;2266982,288 ;1574152,262 ;137,245 ;5,9 ;
434 ;39071,0;2266982,705 ;1574152,594 ;137,248 ;6,0 ;
435 ;39073,0;2266983,538 ;1574153,247 ;137,244 ;5,7 ;
436 ;39074,0;2266983,969 ;1574153,575 ;137,246 ;5,6 ;
437 ;39075,0;2266984,406 ;1574153,885 ;137,245 ;5,6 ;
438 ;39076,0;2266984,841 ;1574154,176 ;137,234 ;5,7 ;
439 ;39077,0;2266985,268 ;1574154,449 ;137,242 ;5,8 ;
440 ;39078,0;2266985,702 ;1574154,696 ;137,246 ;5,9 ;
441 ;39079,0;2266986,143 ;1574154,922 ;137,252 ;5,9 ;
442 ;39080,0;2266986,567 ;1574155,141 ;137,246 ;5,8 ;
443 ;39081,0;2266986,994 ;1574155,380 ;137,256 ;5,8 ;
444 ;39082,0;2266987,419 ;1574155,608 ;137,247 ;5,8 ;
445 ;39083,0;2266987,851 ;1574155,837 ;137,264 ;6,0 ;
446 ;39084,0;2266988,240 ;1574156,106 ;137,240 ;5,9 ;
447 ;39085,0;2266988,615 ;1574156,406 ;137,238 ;5,8 ;
448 ;39086,0;2266988,966 ;1574156,727 ;137,248 ;5,8 ;
449 ;39087,0;2266989,304 ;1574157,076 ;137,250 ;5,9 ;
450 ;39088,0;2266989,651 ;1574157,424 ;137,239 ;5,7 ;
451 ;39089,0;2266990,021 ;1574157,751 ;137,249 ;5,9 ;
452 ;39090,0;2266990,437 ;1574158,056 ;137,249 ;5,7 ;
453 ;39091,0;2266990,871 ;1574158,326 ;137,240 ;5,7 ;
454 ;39092,0;2266991,327 ;1574158,558 ;137,242 ;5,7 ;
455 ;39093,0;2266991,772 ;1574158,780 ;137,229 ;5,8 ;
456 ;39094,0;2266992,242 ;1574159,000 ;137,264 ;6,0 ;
457 ;39095,0;2266992,698 ;1574159,214 ;137,260 ;5,9 ;
458 ;39096,0;2266993,167 ;1574159,437 ;137,243 ;6,0 ;
459 ;39097,0;2266993,632 ;1574159,647 ;137,229 ;5,8 ;
460 ;39098,0;2266994,099 ;1574159,860 ;137,232 ;5,9 ;
461 ;39099,0;2266994,581 ;1574160,039 ;137,250 ;5,9 ;
462 ;39100,0;2266995,066 ;1574160,206 ;137,244 ;5,8 ;
463 ;39101,0;2266995,533 ;1574160,374 ;137,256 ;5,9 ;
464 ;39102,0;2266995,999 ;1574160,557 ;137,258 ;5,8 ;
465 ;39103,0;2266996,467 ;1574160,756 ;137,251 ;5,8 ;
466 ;39104,0;2266997,030 ;1574160,993 ;137,229 ;5,7 ;
467 ;39105,0;2266997,509 ;1574161,188 ;137,229 ;5,6 ;
468 ;39106,0;2266997,897 ;1574161,336 ;137,224 ;5,5 ;
469 ;39107,0;2266998,388 ;1574161,520 ;137,244 ;5,4 ;
470 ;39108,0;2266998,962 ;1574161,748 ;137,236 ;5,3 ;
471 ;39109,0;2266999,353 ;1574161,896 ;137,245 ;5,2 ;
472 ;39110,0;2266999,819 ;1574162,094 ;137,235 ;5,1 ;
473 ;39111,0;2267000,288 ;1574162,290 ;137,247 ;5,1 ;
474 ;39112,0;2267000,736 ;1574162,505 ;137,246 ;5,0 ;
475 ;39113,0;2267001,275 ;1574162,793 ;137,225 ;4,9 ;
476 ;39114,0;2267001,652 ;1574162,981 ;137,232 ;4,8 ;
477 ;39115,0;2267002,042 ;1574163,163 ;137,245 ;4,7 ;
478 ;39116,0;2267002,616 ;1574163,430 ;137,237 ;4,6 ;
479 ;39118,0;2267003,599 ;1574163,843 ;137,231 ;4,5 ;
480 ;39119,0;2267004,087 ;1574164,033 ;137,210 ;4,5 ;
481 ;39120,0;2267004,587 ;1574164,218 ;137,229 ;4,5 ;
482 ;39121,0;2267005,090 ;1574164,386 ;137,236 ;4,5 ;
483 ;39122,0;2267005,588 ;1574164,551 ;137,220 ;4,5 ;
484 ;39123,0;2267006,105 ;1574164,698 ;137,245 ;4,4 ;
485 ;39124,0;2267006,612 ;1574164,838 ;137,239 ;4,4 ;
486 ;39125,0;2267007,130 ;1574164,965 ;137,252 ;4,4 ;
487 ;39126,0;2267007,633 ;1574165,081 ;137,235 ;4,4 ;
488 ;39127,0;2267008,134 ;1574165,181 ;137,207 ;4,3 ;
489 ;39128,0;2267008,653 ;1574165,282 ;137,260 ;4,3 ;
490 ;39129,0;2267009,151 ;1574165,388 ;137,236 ;4,3 ;
491 ;39130,0;2267009,650 ;1574165,514 ;137,252 ;4,3 ;
492 ;39131,0;2267010,148 ;1574165,645 ;137,224 ;4,2 ;
493 ;39132,0;2267010,647 ;1574165,790 ;137,206 ;4,1 ;
494 ;39133,0;2267011,143 ;1574165,940 ;137,251 ;4,1 ;
495 ;39134,0;2267011,623 ;1574166,118 ;137,240 ;4,0 ;
496 ;39135,0;2267012,103 ;1574166,310 ;137,247 ;3,9 ;
497 ;39136,0;2267012,588 ;1574166,499 ;137,255 ;3,9 ;
498 ;39137,0;2267013,079 ;1574166,690 ;137,226 ;3,8 ;
499 ;39138,0;2267013,585 ;1574166,881 ;137,237 ;3,8 ;
500 ;39139,0;2267014,104 ;1574167,069 ;137,225 ;3,7 ;
501 ;39140,0;2267014,737 ;1574167,282 ;137,240 ;3,6 ;
502 ;39141,0;2267015,161 ;1574167,417 ;137,246 ;3,6 ;
503 ;39142,0;2267015,688 ;1574167,572 ;137,238 ;3,5 ;
504 ;39143,0;2267016,231 ;1574167,710 ;137,259 ;3,3 ;
505 ;39144,0;2267016,758 ;1574167,849 ;137,247 ;3,3 ;
506 ;39145,0;2267017,271 ;1574168,004 ;137,220 ;3,1 ;
507 ;39146,0;2267017,767 ;1574168,194 ;137,228 ;3,0 ;
508 ;39147,0;2267018,238 ;1574168,436 ;137,231 ;2,9 ;
511 ;39150,0;2267019,680 ;1574169,215 ;137,237 ;2,1 ;
512 ;39151,0;2267020,166 ;1574169,472 ;137,240 ;2,1 ;
513 ;39153,0;2267021,145 ;1574169,986 ;137,229 ;2,1 ;
514 ;39154,0;2267021,666 ;1574170,250 ;137,247 ;2,1 ;
515 ;39155,0;2267022,169 ;1574170,518 ;137,247 ;2,1 ;
516 ;39156,0;2267022,663 ;1574170,793 ;137,250 ;2,0 ;
517 ;39157,0;2267023,161 ;1574171,086 ;137,243 ;1,8 ;
518 ;39158,0;2267023,664 ;1574171,395 ;137,242 ;1,6 ;
519 ;39159,0;2267024,163 ;1574171,703 ;137,249 ;1,8 ;
520 ;39160,0;2267024,674 ;1574172,023 ;137,241 ;1,2 ;
521 ;39161,0;2267025,204 ;1574172,332 ;137,239 ;1,1 ;
522 ;39162,0;2267025,749 ;1574172,622 ;137,244 ;1,6 ;
523 ;39163,0;2267026,292 ;1574172,903 ;137,247 ;1,3 ;
524 ;39164,0;2267026,834 ;1574173,195 ;137,245 ;1,3 ;
525 ;39165,0;2267027,363 ;1574173,498 ;137,231 ;1,3 ;
526 ;39166,0;2267027,880 ;1574173,808 ;137,235 ;1,5 ;
527 ;39167,0;2267028,387 ;1574174,121 ;137,236 ;1,5 ;
528 ;39168,0;2267028,895 ;1574174,410 ;137,226 ;1,6 ;
529 ;39169,0;2267029,405 ;1574174,688 ;137,242 ;1,0 ;
530 ;39170,0;2267029,927 ;1574174,955 ;137,251 ;1,5 ;
531 ;39171,0;2267030,457 ;1574175,201 ;137,243 ;1,6 ;
532 ;39172,0;2267030,977 ;1574175,430 ;137,249 ;1,2 ;
533 ;39173,0;2267031,479 ;1574175,645 ;137,244 ;1,2 ;
534 ;39174,0;2267031,969 ;1574175,879 ;137,249 ;2,3 ;
535 ;39175,0;2267032,439 ;1574176,133 ;137,246 ;2,1 ;
536 ;39176,0;2267032,898 ;1574176,402 ;137,251 ;2,2 ;
537 ;39177,0;2267033,348 ;1574176,683 ;137,234 ;2,2 ;
538 ;39178,0;2267033,792 ;1574176,987 ;137,250 ;2,1 ;
539 ;39179,0;2267034,227 ;1574177,297 ;137,254 ;2,1 ;
540 ;39180,0;2267034,670 ;1574177,599 ;137,242 ;2,1 ;
541 ;39181,0;2267035,119 ;1574177,895 ;137,226 ;2,1 ;
542 ;39182,0;2267035,685 ;1574178,238 ;137,241 ;2,1 ;
543 ;39183,0;2267036,175 ;1574178,486 ;137,237 ;2,1 ;
544 ;39184,0;2267036,683 ;1574178,719 ;137,237 ;2,1 ;
545 ;39185,0;2267037,208 ;1574178,929 ;137,245 ;2,1 ;
546 ;39186,0;2267037,748 ;1574179,106 ;137,243 ;2,1 ;
547 ;39187,0;2267038,266 ;1574179,257 ;137,254 ;2,1 ;
548 ;39188,0;2267038,556 ;1574179,337 ;137,252 ;2,1 ;
549 ;39189,0;2267039,110 ;1574179,501 ;137,243 ;2,1 ;
550 ;39190,0;2267039,556 ;1574179,641 ;137,258 ;2,1 ;
551 ;39191,0;2267040,096 ;1574179,813 ;137,236 ;1,6 ;
552 ;39192,0;2267040,465 ;1574179,923 ;137,223 ;1,8 ;
553 ;39193,0;2267040,926 ;1574180,066 ;137,241 ;2,0 ;
554 ;39194,0;2267041,438 ;1574180,297 ;137,257 ;1,9 ;
555 ;39195,0;2267041,762 ;1574180,476 ;137,252 ;1,0 ;
556 ;39196,0;2267042,154 ;1574180,726 ;137,243 ;2,0 ;
557 ;39197,0;2267042,547 ;1574180,990 ;137,246 ;2,0 ;
558 ;39198,0;2267043,035 ;1574181,315 ;137,243 ;2,0 ;
559 ;39199,0;2267043,280 ;1574181,472 ;137,248 ;2,0 ;
560 ;39200,0;2267043,706 ;1574181,707 ;137,250 ;2,0 ;
561 ;39201,0;2267044,248 ;1574181,939 ;137,234 ;1,8 ;
562 ;39202,0;2267044,705 ;1574182,092 ;137,244 ;2,0 ;
563 ;39204,0;2267045,599 ;1574182,363 ;137,241 ;2,0 ;
564 ;39205,0;2267046,008 ;1574182,510 ;137,260 ;1,9 ;
565 ;39206,0;2267046,384 ;1574182,675 ;137,249 ;1,8 ;
566 ;39207,0;2267046,732 ;1574182,875 ;137,245 ;1,8 ;
567 ;39208,0;2267047,062 ;1574183,105 ;137,247 ;2,0 ;
568 ;39209,0;2267047,366 ;1574183,380 ;137,238 ;2,1 ;
569 ;39210,0;2267047,650 ;1574183,699 ;137,221 ;2,0 ;
570 ;39211,0;2267047,923 ;1574184,056 ;137,229 ;1,6 ;
571 ;39212,0;2267048,145 ;1574184,365 ;137,222 ;0,6 ;
572 ;39213,0;2267048,462 ;1574184,857 ;137,243 ;1,8 ;
573 ;39214,0;2267048,706 ;1574185,302 ;137,244 ;1,9 ;
574 ;39215,0;2267048,933 ;1574185,765 ;137,243 ;1,6 ;
575 ;39216,0;2267049,144 ;1574186,235 ;137,237 ;1,8 ;
576 ;39217,0;2267049,381 ;1574186,734 ;137,256 ;1,8 ;
577 ;39218,0;2267049,671 ;1574187,235 ;137,268 ;1,9 ;
578 ;39219,0;2267050,071 ;1574187,746 ;137,255 ;1,9 ;
579 ;39220,0;2267050,275 ;1574187,971 ;137,254 ;1,8 ;
580 ;39221,0;2267050,650 ;1574188,330 ;137,239 ;1,3 ;
581 ;39222,0;2267051,149 ;1574188,712 ;137,245 ;1,0 ;
582 ;39224,0;2267052,094 ;1574189,178 ;137,236 ;0,9 ;
583 ;39225,0;2267052,551 ;1574189,358 ;137,251 ;1,0 ;
584 ;39226,0;2267052,960 ;1574189,535 ;137,241 ;1,3 ;
585 ;39227,0;2267053,362 ;1574189,715 ;137,249 ;1,6 ;
586 ;39228,0;2267053,765 ;1574189,909 ;137,248 ;1,7 ;
587 ;39229,0;2267054,162 ;1574190,111 ;137,258 ;1,7 ;
588 ;39230,0;2267054,571 ;1574190,318 ;137,252 ;1,8 ;
589 ;39231,0;2267054,993 ;1574190,528 ;137,256 ;1,9 ;
590 ;39232,0;2267055,426 ;1574190,728 ;137,257 ;1,9 ;
591 ;39233,0;2267055,782 ;1574190,874 ;137,252 ;1,6 ;
592 ;39234,0;2267056,368 ;1574191,059 ;137,248 ;1,9 ;
593 ;39235,0;2267056,882 ;1574191,177 ;137,271 ;1,3 ;
594 ;39236,0;2267057,340 ;1574191,288 ;137,252 ;2,0 ;
595 ;39237,0;2267057,782 ;1574191,411 ;137,265 ;2,0 ;
596 ;39238,0;2267058,204 ;1574191,564 ;137,227 ;2,1 ;
597 ;39239,0;2267058,630 ;1574191,740 ;137,265 ;2,0 ;
598 ;39240,0;2267058,954 ;1574191,924 ;137,245 ;2,1 ;
599 ;39241,0;2267059,399 ;1574192,174 ;137,242 ;2,1 ;
600 ;39242,0;2267059,865 ;1574192,420 ;137,244 ;1,8 ;
601 ;39243,0;2267060,354 ;1574192,654 ;137,247 ;2,0 ;
602 ;39244,0;2267060,920 ;1574192,920 ;137,240 ;2,1 ;
603 ;39245,0;2267061,385 ;1574193,158 ;137,237 ;2,0 ;
604 ;39247,0;2267062,282 ;1574193,699 ;137,236 ;1,9 ;
605 ;39248,0;2267062,700 ;1574194,006 ;137,241 ;2,1 ;
606 ;39249,0;2267063,118 ;1574194,331 ;137,223 ;2,0 ;
607 ;39250,0;2267063,592 ;1574194,620 ;137,240 ;2,0 ;
608 ;39251,0;2267064,084 ;1574194,859 ;137,235 ;1,7 ;
609 ;39252,0;2267064,586 ;1574195,060 ;137,238 ;2,0 ;
610 ;39253,0;2267065,075 ;1574195,247 ;137,244 ;1,7 ;
611 ;39254,0;2267065,596 ;1574195,431 ;137,239 ;2,0 ;
612 ;39255,0;2267066,111 ;1574195,583 ;137,235 ;1,8 ;
613 ;39256,0;2267066,546 ;1574195,674 ;137,235 ;1,8 ;
614 ;39257,0;2267067,066 ;1574195,749 ;137,239 ;2,1 ;
615 ;39258,0;2267067,639 ;1574195,831 ;137,239 ;2,1 ;
616 ;39259,0;2267068,089 ;1574195,918 ;137,232 ;2,1 ;
617 ;39260,0;2267068,566 ;1574196,023 ;137,237 ;2,2 ;
618 ;39261,0;2267069,051 ;1574196,140 ;137,232 ;1,9 ;
619 ;39262,0;2267069,549 ;1574196,251 ;137,228 ;2,2 ;
620 ;39263,0;2267070,076 ;1574196,345 ;137,231 ;2,1 ;
621 ;39264,0;2267070,607 ;1574196,420 ;137,237 ;2,3 ;
622 ;39265,0;2267071,123 ;1574196,493 ;137,237 ;2,3 ;
623 ;39266,0;2267071,546 ;1574196,553 ;137,245 ;2,3 ;
624 ;39267,0;2267072,066 ;1574196,612 ;137,242 ;2,4 ;
625 ;39268,0;2267072,598 ;1574196,668 ;137,236 ;2,3 ;
626 ;39269,0;2267073,228 ;1574196,730 ;137,233 ;2,5 ;
627 ;39271,0;2267074,212 ;1574196,874 ;137,241 ;2,5 ;
628 ;39272,0;2267074,714 ;1574196,963 ;137,225 ;2,6 ;
629 ;39273,0;2267075,235 ;1574197,042 ;137,249 ;2,6 ;
630 ;39274,0;2267075,741 ;1574197,123 ;137,245 ;2,7 ;
631 ;39275,0;2267076,266 ;1574197,214 ;137,247 ;2,7 ;
632 ;39276,0;2267076,780 ;1574197,314 ;137,248 ;2,7 ;
633 ;39277,0;2267077,300 ;1574197,440 ;137,244 ;2,7 ;
634 ;39278,0;2267077,817 ;1574197,550 ;137,232 ;2,7 ;
635 ;39279,0;2267078,357 ;1574197,653 ;137,248 ;2,7 ;
636 ;39280,0;2267078,780 ;1574197,725 ;137,237 ;2,7 ;
637 ;39281,0;2267079,420 ;1574197,838 ;137,235 ;2,7 ;
638 ;39282,0;2267079,952 ;1574197,936 ;137,240 ;2,7 ;
639 ;39283,0;2267080,484 ;1574198,049 ;137,241 ;2,7 ;
640 ;39284,0;2267081,013 ;1574198,150 ;137,229 ;2,7 ;
641 ;39285,0;2267081,545 ;1574198,265 ;137,241 ;2,7 ;
642 ;39286,0;2267082,073 ;1574198,402 ;137,238 ;2,7 ;
643 ;39287,0;2267082,690 ;1574198,598 ;137,227 ;2,7 ;
644 ;39288,0;2267083,011 ;1574198,710 ;137,238 ;2,7 ;
645 ;39289,0;2267083,653 ;1574198,924 ;137,232 ;2,7 ;
646 ;39291,0;2267084,684 ;1574199,341 ;137,234 ;2,6 ;
647 ;39292,0;2267085,194 ;1574199,590 ;137,223 ;2,5 ;
648 ;39293,0;2267085,719 ;1574199,834 ;137,226 ;2,5 ;
649 ;39294,0;2267086,253 ;1574200,074 ;137,229 ;2,4 ;
650 ;39295,0;2267086,794 ;1574200,298 ;137,232 ;2,3 ;
651 ;39296,0;2267087,340 ;1574200,505 ;137,238 ;2,4 ;
652 ;39297,0;2267087,885 ;1574200,716 ;137,241 ;2,3 ;
653 ;39298,0;2267088,422 ;1574200,945 ;137,237 ;2,3 ;
654 ;39299,0;2267088,974 ;1574201,196 ;137,242 ;2,2 ;
655 ;39300,0;2267089,548 ;1574201,453 ;137,243 ;2,2 ;
656 ;39301,0;2267090,141 ;1574201,677 ;137,244 ;2,2 ;
657 ;39302,0;2267090,767 ;1574201,859 ;137,261 ;1,8 ;
658 ;39303,0;2267091,385 ;1574202,007 ;137,238 ;2,0 ;
659 ;39304,0;2267091,978 ;1574202,149 ;137,235 ;2,2 ;
660 ;39305,0;2267092,563 ;1574202,296 ;137,231 ;2,1 ;
661 ;39306,0;2267093,153 ;1574202,444 ;137,230 ;1,0 ;
662 ;39307,0;2267093,751 ;1574202,586 ;137,238 ;1,2 ;
663 ;39308,0;2267094,341 ;1574202,743 ;137,245 ;2,3 ;
664 ;39309,0;2267094,913 ;1574202,924 ;137,235 ;1,8 ;
665 ;39310,0;2267095,476 ;1574203,124 ;137,231 ;1,8 ;
666 ;39311,0;2267096,028 ;1574203,333 ;137,214 ;1,6 ;
667 ;39312,0;2267096,566 ;1574203,521 ;137,227 ;2,0 ;
668 ;39313,0;2267097,086 ;1574203,709 ;137,224 ;2,0 ;
669 ;39314,0;2267097,587 ;1574203,899 ;137,226 ;2,0 ;
670 ;39315,0;2267098,075 ;1574204,106 ;137,227 ;1,9 ;
671 ;39316,0;2267098,534 ;1574204,311 ;137,234 ;1,9 ;
672 ;39317,0;2267098,969 ;1574204,529 ;137,231 ;1,8 ;
673 ;39318,0;2267099,477 ;1574204,803 ;137,234 ;1,8 ;
674 ;39319,0;2267099,885 ;1574205,048 ;137,236 ;1,7 ;
675 ;39320,0;2267100,202 ;1574205,251 ;137,253 ;1,8 ;
676 ;39321,0;2267100,530 ;1574205,464 ;137,259 ;1,1 ;
677 ;39322,0;2267101,018 ;1574205,772 ;137,258 ;1,1 ;
678 ;39323,0;2267101,418 ;1574206,009 ;137,237 ;1,6 ;
679 ;39324,0;2267101,813 ;1574206,225 ;137,251 ;1,6 ;
680 ;39325,0;2267102,169 ;1574206,423 ;137,256 ;0,8 ;
681 ;39326,0;2267102,511 ;1574206,609 ;137,255 ;1,6 ;
682 ;39327,0;2267102,827 ;1574206,798 ;137,259 ;1,7 ;
683 ;39328,0;2267103,184 ;1574207,020 ;137,240 ;1,7 ;
684 ;39329,0;2267103,373 ;1574207,135 ;137,243 ;1,7 ;
685 ;39330,0;2267103,690 ;1574207,336 ;137,227 ;1,7 ;
686 ;39331,0;2267104,022 ;1574207,504 ;137,246 ;1,7 ;
687 ;39333,0;2267104,375 ;1574207,630 ;137,245 ;1,7 ;
688 ;39334,0;2267104,451 ;1574207,644 ;137,251 ;1,7 ;
689 ;39335,0;2267104,493 ;1574207,664 ;137,250 ;1,7 ;
690 ;39336,0;2267104,566 ;1574207,640 ;137,240 ;1,7 ;
691 ;39337,0;2267104,710 ;1574207,468 ;137,237 ;0,8 ;
692 ;39338,0;2267104,974 ;1574207,232 ;137,224 ;1,6 ;
693 ;39339,0;2267105,281 ;1574206,979 ;137,232 ;1,4 ;
694 ;39340,0;2267105,605 ;1574206,686 ;137,248 ;1,1 ;
695 ;39341,0;2267105,888 ;1574206,364 ;137,237 ;1,3 ;
696 ;39342,0;2267106,132 ;1574206,037 ;137,231 ;1,4 ;
697 ;39343,0;2267106,346 ;1574205,638 ;137,231 ;1,6 ;
698 ;39344,0;2267106,533 ;1574205,199 ;137,224 ;2,2 ;
699 ;39345,0;2267106,681 ;1574204,767 ;137,199 ;2,4 ;
700 ;39346,0;2267106,807 ;1574204,392 ;137,187 ;1,8 ;
701 ;39347,0;2267106,893 ;1574204,010 ;137,235 ;2,7 ;
702 ;39348,0;2267106,957 ;1574203,707 ;137,251 ;2,2 ;
703 ;39349,0;2267106,975 ;1574203,531 ;137,230 ;2,7 ;
704 ;39350,0;2267106,933 ;1574203,355 ;137,246 ;2,6 ;
705 ;39351,0;2267106,794 ;1574203,168 ;137,234 ;2,7 ;
706 ;39352,0;2267106,588 ;1574203,015 ;137,231 ;2,8 ;
707 ;39353,0;2267106,329 ;1574202,822 ;137,241 ;2,9 ;
708 ;39354,0;2267106,055 ;1574202,540 ;137,244 ;2,9 ;
709 ;39355,0;2267105,800 ;1574202,241 ;137,230 ;2,9 ;
710 ;39356,0;2267105,547 ;1574201,922 ;137,236 ;2,9 ;
711 ;39357,0;2267105,273 ;1574201,595 ;137,235 ;3,0 ;
712 ;39357,0;2267105,153 ;1574201,463 ;137,231 ;3,0 ;
713 ;39359,0;2267104,691 ;1574201,027 ;137,224 ;2,9 ;
714 ;39360,0;2267104,243 ;1574200,699 ;137,237 ;2,9 ;
715 ;39361,0;2267103,851 ;1574200,410 ;137,236 ;2,9 ;
716 ;39362,0;2267103,337 ;1574200,049 ;137,230 ;2,9 ;
717 ;39363,0;2267103,063 ;1574199,872 ;137,233 ;2,9 ;
718 ;39364,0;2267102,612 ;1574199,579 ;137,237 ;2,9 ;
719 ;39365,0;2267102,182 ;1574199,294 ;137,249 ;2,9 ;
720 ;39366,0;2267101,791 ;1574199,022 ;137,248 ;2,9 ;
721 ;39368,0;2267101,271 ;1574198,721 ;137,231 ;3,0 ;
722 ;39369,0;2267101,058 ;1574198,612 ;137,232 ;3,0 ;
723 ;39370,0;2267100,866 ;1574198,523 ;137,224 ;3,0 ;
724 ;39370,0;2267100,785 ;1574198,489 ;137,222 ;3,0 ;
725 ;39371,0;2267100,748 ;1574198,471 ;137,226 ;3,0 ;
726 ;39371,0;2267100,602 ;1574198,406 ;137,233 ;3,0 ;
727 ;39372,0;2267100,517 ;1574198,367 ;137,228 ;3,0 ;
728 ;39372,0;2267100,366 ;1574198,304 ;137,235 ;3,0 ;
729 ;39373,0;2267100,311 ;1574198,281 ;137,232 ;3,0 ;
730 ;39374,0;2267099,710 ;1574198,024 ;137,221 ;3,0 ;
731 ;39374,0;2267099,710 ;1574198,024 ;137,221 ;3,0 ;
732 ;39375,0;2267099,635 ;1574197,991 ;137,229 ;3,1 ;
733 ;39375,0;2267099,329 ;1574197,849 ;137,227 ;3,1 ;
734 ;39377,0;2267098,686 ;1574197,515 ;137,242 ;3,2 ;
735 ;39385,0;2267095,449 ;1574195,103 ;137,236 ;3,7 ;
736 ;39386,0;2267095,110 ;1574194,790 ;137,239 ;3,8 ;
737 ;39386,0;2267094,973 ;1574194,684 ;137,242 ;3,8 ;
738 ;39386,0;2267094,973 ;1574194,684 ;137,242 ;3,8 ;
739 ;39396,0;2267090,787 ;1574192,011 ;137,244 ;4,0 ;
740 ;39397,0;2267090,633 ;1574191,844 ;137,233 ;4,0 ;
741 ;39398,0;2267090,147 ;1574191,366 ;137,239 ;4,0 ;
742 ;39399,0;2267089,769 ;1574191,078 ;137,228 ;4,0 ;
743 ;39399,0;2267089,612 ;1574190,976 ;137,229 ;4,0 ;
744 ;39400,0;2267089,535 ;1574190,925 ;137,234 ;3,9 ;
745 ;39400,0;2267089,221 ;1574190,748 ;137,238 ;3,9 ;
746 ;39405,0;2267087,099 ;1574189,735 ;137,238 ;3,7 ;
747 ;39405,0;2267086,920 ;1574189,649 ;137,235 ;3,7 ;
748 ;39406,0;2267086,830 ;1574189,611 ;137,236 ;3,7 ;
749 ;39409,0;2267085,231 ;1574189,082 ;137,242 ;3,6 ;
750 ;39410,0;2267084,742 ;1574188,947 ;137,232 ;3,5 ;
751 ;39410,0;2267084,545 ;1574188,904 ;137,258 ;3,5 ;
752 ;39412,0;2267083,749 ;1574188,686 ;137,238 ;3,5 ;
753 ;39413,0;2267083,269 ;1574188,501 ;137,236 ;3,4 ;
754 ;39414,0;2267082,904 ;1574188,316 ;137,236 ;3,4 ;
755 ;39415,0;2267082,376 ;1574188,013 ;137,243 ;3,3 ;
756 ;39416,0;2267081,851 ;1574187,717 ;137,240 ;3,3 ;
757 ;39417,0;2267081,476 ;1574187,517 ;137,238 ;3,2 ;
758 ;39418,0;2267080,989 ;1574187,265 ;137,245 ;3,1 ;
759 ;39419,0;2267080,491 ;1574187,019 ;137,240 ;3,1 ;
760 ;39420,0;2267079,890 ;1574186,739 ;137,229 ;3,0 ;
761 ;39421,0;2267079,590 ;1574186,606 ;137,234 ;3,0 ;
762 ;39422,0;2267078,998 ;1574186,352 ;137,239 ;3,0 ;
763 ;39424,0;2267078,048 ;1574185,943 ;137,233 ;2,9 ;
764 ;39425,0;2267077,777 ;1574185,821 ;137,237 ;2,9 ;
765 ;39426,0;2267077,170 ;1574185,526 ;137,229 ;2,9 ;
766 ;39427,0;2267076,766 ;1574185,294 ;137,242 ;2,8 ;
767 ;39428,0;2267076,260 ;1574185,004 ;137,241 ;2,8 ;
768 ;39429,0;2267075,836 ;1574184,760 ;137,240 ;2,7 ;
769 ;39430,0;2267075,410 ;1574184,515 ;137,231 ;2,7 ;
770 ;39431,0;2267075,065 ;1574184,319 ;137,240 ;2,7 ;
771 ;39432,0;2267074,643 ;1574184,071 ;137,245 ;2,7 ;
772 ;39433,0;2267074,218 ;1574183,822 ;137,239 ;2,7 ;
773 ;39434,0;2267073,792 ;1574183,571 ;137,239 ;2,7 ;
774 ;39435,0;2267073,451 ;1574183,370 ;137,253 ;2,7 ;
775 ;39436,0;2267073,020 ;1574183,116 ;137,244 ;2,7 ;
776 ;39437,0;2267072,505 ;1574182,807 ;137,230 ;2,6 ;
777 ;39438,0;2267072,074 ;1574182,553 ;137,227 ;2,6 ;
778 ;39440,0;2267071,180 ;1574182,054 ;137,241 ;2,6 ;
779 ;39441,0;2267070,721 ;1574181,813 ;137,242 ;2,6 ;
780 ;39442,0;2267070,257 ;1574181,582 ;137,239 ;2,6 ;
781 ;39443,0;2267069,793 ;1574181,351 ;137,233 ;2,6 ;
782 ;39444,0;2267069,344 ;1574181,119 ;137,233 ;2,6 ;
783 ;39445,0;2267068,890 ;1574180,892 ;137,235 ;2,6 ;
784 ;39446,0;2267068,444 ;1574180,664 ;137,237 ;2,6 ;
785 ;39447,0;2267067,992 ;1574180,433 ;137,241 ;2,6 ;
786 ;39448,0;2267067,542 ;1574180,194 ;137,246 ;2,7 ;
787 ;39449,0;2267067,092 ;1574179,936 ;137,224 ;2,6 ;
788 ;39450,0;2267066,645 ;1574179,674 ;137,219 ;2,7 ;
789 ;39450,0;2267066,463 ;1574179,568 ;137,221 ;2,7 ;
790 ;39452,0;2267065,746 ;1574179,146 ;137,235 ;2,7 ;
791 ;39453,0;2267065,294 ;1574178,878 ;137,239 ;2,7 ;
792 ;39454,0;2267064,837 ;1574178,609 ;137,242 ;2,8 ;
793 ;39455,0;2267064,372 ;1574178,340 ;137,235 ;2,9 ;
794 ;39455,0;2267064,280 ;1574178,284 ;137,243 ;2,9 ;
795 ;39457,0;2267063,438 ;1574177,780 ;137,246 ;3,0 ;
796 ;39458,0;2267062,958 ;1574177,505 ;137,242 ;3,0 ;
797 ;39459,0;2267062,377 ;1574177,178 ;137,236 ;3,1 ;
798 ;39460,0;2267061,984 ;1574176,957 ;137,234 ;3,1 ;
799 ;39461,0;2267061,493 ;1574176,678 ;137,229 ;3,2 ;
800 ;39462,0;2267061,016 ;1574176,382 ;137,238 ;3,2 ;
801 ;39463,0;2267060,550 ;1574176,059 ;137,235 ;3,2 ;
802 ;39464,0;2267060,087 ;1574175,723 ;137,237 ;3,0 ;
803 ;39465,0;2267059,622 ;1574175,369 ;137,240 ;3,2 ;
804 ;39466,0;2267059,155 ;1574175,007 ;137,240 ;3,3 ;
805 ;39467,0;2267058,689 ;1574174,638 ;137,242 ;3,3 ;
806 ;39468,0;2267058,213 ;1574174,281 ;137,237 ;3,3 ;
807 ;39469,0;2267057,747 ;1574173,933 ;137,243 ;3,3 ;
808 ;39470,0;2267057,293 ;1574173,657 ;137,236 ;3,4 ;
809 ;39470,0;2267057,112 ;1574173,569 ;137,246 ;3,4 ;
810 ;39472,0;2267056,451 ;1574173,336 ;137,239 ;3,4 ;
811 ;39472,0;2267056,156 ;1574173,265 ;137,231 ;3,4 ;
812 ;39473,0;2267055,695 ;1574173,145 ;137,227 ;3,4 ;
813 ;39475,0;2267054,857 ;1574172,874 ;137,237 ;3,4 ;
814 ;39476,0;2267054,774 ;1574172,843 ;137,233 ;3,4 ;
815 ;39481,0;2267052,473 ;1574172,120 ;137,244 ;3,4 ;
816 ;39482,0;2267051,860 ;1574171,912 ;137,237 ;3,4 ;
817 ;39483,0;2267051,424 ;1574171,734 ;137,234 ;3,4 ;
818 ;39484,0;2267050,957 ;1574171,539 ;137,235 ;3,4 ;
819 ;39485,0;2267050,477 ;1574171,346 ;137,234 ;3,4 ;
820 ;39486,0;2267049,984 ;1574171,154 ;137,233 ;3,4 ;
821 ;39487,0;2267049,683 ;1574171,042 ;137,236 ;3,4 ;
822 ;39488,0;2267048,998 ;1574170,785 ;137,240 ;3,4 ;
823 ;39489,0;2267048,643 ;1574170,631 ;137,243 ;3,4 ;
824 ;39490,0;2267048,146 ;1574170,365 ;137,242 ;3,3 ;
825 ;39491,0;2267047,747 ;1574170,123 ;137,237 ;3,4 ;
826 ;39492,0;2267047,355 ;1574169,846 ;137,236 ;3,4 ;
827 ;39493,0;2267046,913 ;1574169,564 ;137,236 ;3,4 ;
828 ;39494,0;2267046,451 ;1574169,293 ;137,236 ;3,4 ;
829 ;39495,0;2267045,974 ;1574169,043 ;137,245 ;3,4 ;
830 ;39496,0;2267045,482 ;1574168,816 ;137,235 ;3,3 ;
831 ;39497,0;2267044,993 ;1574168,616 ;137,238 ;3,3 ;
832 ;39498,0;2267044,533 ;1574168,426 ;137,241 ;3,3 ;
833 ;39500,0;2267043,701 ;1574168,010 ;137,235 ;3,3 ;
834 ;39501,0;2267043,277 ;1574167,769 ;137,236 ;3,3 ;
835 ;39502,0;2267042,838 ;1574167,544 ;137,239 ;3,3 ;
836 ;39503,0;2267042,388 ;1574167,327 ;137,240 ;3,3 ;
837 ;39504,0;2267041,922 ;1574167,121 ;137,240 ;3,3 ;
838 ;39505,0;2267041,460 ;1574166,930 ;137,234 ;3,3 ;
839 ;39505,0;2267041,271 ;1574166,859 ;137,238 ;3,3 ;
840 ;39507,0;2267040,560 ;1574166,584 ;137,234 ;3,3 ;
841 ;39508,0;2267040,165 ;1574166,414 ;137,236 ;3,3 ;
842 ;39509,0;2267039,789 ;1574166,228 ;137,241 ;3,4 ;
843 ;39510,0;2267039,482 ;1574166,054 ;137,238 ;3,4 ;
844 ;39511,0;2267039,008 ;1574165,791 ;137,247 ;3,4 ;
845 ;39512,0;2267038,618 ;1574165,580 ;137,240 ;3,4 ;
846 ;39513,0;2267038,222 ;1574165,366 ;137,233 ;3,4 ;
847 ;39514,0;2267037,813 ;1574165,166 ;137,243 ;3,4 ;
848 ;39515,0;2267037,393 ;1574164,974 ;137,240 ;3,5 ;
849 ;39516,0;2267037,025 ;1574164,816 ;137,243 ;3,5 ;
850 ;39517,0;2267036,666 ;1574164,674 ;137,241 ;3,5 ;
851 ;39518,0;2267036,459 ;1574164,593 ;137,240 ;3,5 ;
852 ;39520,0;2267036,024 ;1574164,428 ;137,234 ;3,6 ;
853 ;39521,0;2267035,837 ;1574164,358 ;137,226 ;3,6 ;
854 ;39522,0;2267035,670 ;1574164,295 ;137,233 ;3,6 ;
855 ;39523,0;2267035,514 ;1574164,239 ;137,237 ;3,6 ;
856 ;39524,0;2267035,358 ;1574164,183 ;137,234 ;3,6 ;
857 ;39525,0;2267035,134 ;1574164,108 ;137,235 ;3,6 ;
858 ;39526,0;2267034,763 ;1574164,023 ;137,239 ;3,6 ;
859 ;39527,0;2267034,499 ;1574163,964 ;137,233 ;3,6 ;
860 ;39528,0;2267034,179 ;1574163,876 ;137,240 ;3,6 ;
861 ;39529,0;2267033,802 ;1574163,753 ;137,238 ;3,6 ;
862 ;39530,0;2267033,497 ;1574163,633 ;137,237 ;3,6 ;
863 ;39531,0;2267033,200 ;1574163,488 ;137,236 ;3,6 ;
864 ;39532,0;2267032,955 ;1574163,364 ;137,235 ;3,7 ;
865 ;39533,0;2267032,603 ;1574163,226 ;137,240 ;3,7 ;
866 ;39534,0;2267032,214 ;1574163,109 ;137,233 ;3,7 ;
867 ;39535,0;2267031,766 ;1574162,984 ;137,231 ;3,7 ;
868 ;39536,0;2267031,530 ;1574162,914 ;137,232 ;3,7 ;
869 ;39537,0;2267031,146 ;1574162,803 ;137,238 ;3,7 ;
870 ;39538,0;2267030,754 ;1574162,655 ;137,229 ;3,7 ;
871 ;39540,0;2267029,781 ;1574162,215 ;137,229 ;3,8 ;
872 ;39541,0;2267029,332 ;1574161,993 ;137,232 ;3,8 ;
873 ;39542,0;2267028,879 ;1574161,766 ;137,239 ;3,9 ;
874 ;39543,0;2267028,421 ;1574161,541 ;137,242 ;3,9 ;
875 ;39544,0;2267027,998 ;1574161,307 ;137,249 ;3,9 ;
876 ;39545,0;2267027,563 ;1574161,054 ;137,231 ;4,0 ;
877 ;39546,0;2267027,136 ;1574160,804 ;137,238 ;4,0 ;
878 ;39547,0;2267026,754 ;1574160,555 ;137,241 ;4,0 ;
879 ;39548,0;2267026,404 ;1574160,280 ;137,238 ;4,1 ;
880 ;39549,0;2267026,099 ;1574159,978 ;137,229 ;4,2 ;
881 ;39550,0;2267025,730 ;1574159,572 ;137,240 ;4,2 ;
882 ;39551,0;2267025,454 ;1574159,293 ;137,233 ;4,2 ;
884 ;39553,0;2267024,756 ;1574158,620 ;137,235 ;4,3 ;
885 ;39554,0;2267024,391 ;1574158,238 ;137,233 ;4,3 ;
886 ;39555,0;2267024,071 ;1574157,903 ;137,232 ;4,4 ;
887 ;39556,0;2267023,720 ;1574157,582 ;137,234 ;4,4 ;
888 ;39557,0;2267023,421 ;1574157,347 ;137,228 ;4,5 ;
889 ;39558,0;2267023,060 ;1574157,076 ;137,237 ;4,5 ;
890 ;39559,0;2267022,721 ;1574156,806 ;137,230 ;4,5 ;
891 ;39560,0;2267022,309 ;1574156,468 ;137,237 ;4,5 ;
892 ;39561,0;2267022,017 ;1574156,236 ;137,238 ;4,6 ;
893 ;39562,0;2267021,647 ;1574155,931 ;137,237 ;4,6 ;
894 ;39564,0;2267020,894 ;1574155,343 ;137,234 ;4,6 ;
895 ;39565,0;2267020,579 ;1574155,064 ;137,233 ;4,6 ;
896 ;39566,0;2267020,282 ;1574154,756 ;137,242 ;4,6 ;
897 ;39567,0;2267019,983 ;1574154,437 ;137,246 ;4,6 ;
898 ;39568,0;2267019,676 ;1574154,112 ;137,246 ;4,6 ;
899 ;39569,0;2267019,376 ;1574153,786 ;137,245 ;4,6 ;
900 ;39570,0;2267019,090 ;1574153,455 ;137,241 ;4,4 ;
901 ;39571,0;2267018,793 ;1574153,112 ;137,234 ;4,4 ;
902 ;39572,0;2267018,500 ;1574152,771 ;137,245 ;4,5 ;
903 ;39573,0;2267018,194 ;1574152,443 ;137,235 ;4,5 ;
904 ;39574,0;2267017,867 ;1574152,119 ;137,240 ;4,5 ;
905 ;39575,0;2267017,510 ;1574151,811 ;137,239 ;4,6 ;
906 ;39576,0;2267017,144 ;1574151,514 ;137,241 ;4,7 ;
907 ;39576,0;2267016,998 ;1574151,396 ;137,234 ;4,7 ;
908 ;39576,0;2267016,998 ;1574151,396 ;137,234 ;4,7 ;
909 ;39579,0;2267015,965 ;1574150,698 ;137,227 ;4,7 ;
910 ;39580,0;2267015,562 ;1574150,457 ;137,231 ;4,8 ;
911 ;39581,0;2267015,246 ;1574150,266 ;137,230 ;4,8 ;
912 ;39582,0;2267014,844 ;1574150,035 ;137,228 ;4,8 ;
913 ;39583,0;2267014,415 ;1574149,800 ;137,234 ;4,8 ;
914 ;39583,0;2267014,141 ;1574149,665 ;137,236 ;4,8 ;
915 ;39585,0;2267013,392 ;1574149,316 ;137,238 ;4,3 ;
916 ;39587,0;2267012,376 ;1574148,883 ;137,228 ;4,8 ;
917 ;39588,0;2267011,855 ;1574148,658 ;137,234 ;4,8 ;
918 ;39589,0;2267011,328 ;1574148,424 ;137,231 ;5,0 ;
919 ;39590,0;2267010,804 ;1574148,185 ;137,228 ;5,0 ;
920 ;39590,0;2267010,599 ;1574148,090 ;137,234 ;5,0 ;
921 ;39592,0;2267009,781 ;1574147,682 ;137,252 ;5,0 ;
922 ;39593,0;2267009,178 ;1574147,358 ;137,248 ;5,0 ;
923 ;39594,0;2267008,782 ;1574147,137 ;137,248 ;5,1 ;
924 ;39594,0;2267008,591 ;1574147,021 ;137,247 ;5,1 ;
925 ;39596,0;2267007,802 ;1574146,554 ;137,236 ;5,1 ;
926 ;39597,0;2267007,301 ;1574146,265 ;137,223 ;5,1 ;
927 ;39598,0;2267006,790 ;1574146,002 ;137,222 ;5,0 ;
928 ;39598,0;2267006,583 ;1574145,906 ;137,228 ;5,0 ;
929 ;39600,0;2267005,792 ;1574145,548 ;137,231 ;4,9 ;
930 ;39601,0;2267005,522 ;1574145,418 ;137,228 ;4,9 ;
931 ;39602,0;2267004,959 ;1574145,091 ;137,244 ;4,8 ;
932 ;39604,0;2267004,168 ;1574144,510 ;137,220 ;4,7 ;
933 ;39605,0;2267003,770 ;1574144,192 ;137,227 ;4,8 ;
934 ;39606,0;2267003,335 ;1574143,881 ;137,233 ;4,9 ;
935 ;39606,0;2267003,152 ;1574143,761 ;137,234 ;4,9 ;
936 ;39608,0;2267002,400 ;1574143,341 ;137,225 ;5,0 ;
937 ;39609,0;2267002,110 ;1574143,196 ;137,213 ;5,0 ;
938 ;39611,0;2267000,889 ;1574142,747 ;137,232 ;5,2 ;
939 ;39612,0;2267000,231 ;1574142,594 ;137,240 ;5,2 ;
940 ;39613,0;2267000,014 ;1574142,558 ;137,243 ;5,2 ;
941 ;39614,0;2266999,309 ;1574142,396 ;137,237 ;5,3 ;
942 ;39615,0;2266998,780 ;1574142,231 ;137,231 ;5,4 ;
943 ;39616,0;2266998,257 ;1574142,049 ;137,223 ;5,5 ;
944 ;39617,0;2266997,760 ;1574141,835 ;137,226 ;5,4 ;
945 ;39618,0;2266997,244 ;1574141,584 ;137,209 ;5,4 ;
946 ;39619,0;2266996,756 ;1574141,320 ;137,220 ;5,4 ;
947 ;39620,0;2266996,343 ;1574141,085 ;137,221 ;5,6 ;
948 ;39621,0;2266995,813 ;1574140,788 ;137,229 ;5,8 ;
949 ;39622,0;2266995,154 ;1574140,438 ;137,233 ;5,9 ;
950 ;39624,0;2266993,976 ;1574139,923 ;137,224 ;6,1 ;
951 ;39625,0;2266993,363 ;1574139,702 ;137,226 ;6,2 ;
952 ;39626,0;2266992,749 ;1574139,503 ;137,241 ;6,3 ;
953 ;39627,0;2266992,178 ;1574139,284 ;137,225 ;6,4 ;
954 ;39628,0;2266991,620 ;1574139,014 ;137,223 ;6,3 ;
955 ;39629,0;2266991,071 ;1574138,668 ;137,229 ;6,3 ;
956 ;39630,0;2266990,497 ;1574138,285 ;137,239 ;6,3 ;
957 ;39631,0;2266989,895 ;1574137,911 ;137,236 ;6,3 ;
958 ;39632,0;2266989,254 ;1574137,578 ;137,243 ;6,5 ;
959 ;39633,0;2266988,584 ;1574137,254 ;137,233 ;6,6 ;
960 ;39634,0;2266987,894 ;1574136,955 ;137,238 ;6,6 ;
961 ;39635,0;2266987,045 ;1574136,626 ;137,233 ;6,5 ;
962 ;39636,0;2266986,474 ;1574136,423 ;137,256 ;6,5 ;
963 ;39637,0;2266985,755 ;1574136,170 ;137,246 ;6,5 ;
964 ;39638,0;2266984,880 ;1574135,865 ;137,233 ;6,6 ;
965 ;39639,0;2266984,440 ;1574135,714 ;137,228 ;6,5 ;
966 ;39640,0;2266983,554 ;1574135,399 ;137,251 ;6,5 ;
967 ;39641,0;2266982,790 ;1574135,161 ;137,251 ;6,5 ;
968 ;39642,0;2266981,993 ;1574134,960 ;137,241 ;6,4 ;
969 ;39643,0;2266981,195 ;1574134,790 ;137,226 ;6,5 ;
970 ;39644,0;2266980,247 ;1574134,616 ;137,219 ;6,5 ;
971 ;39645,0;2266979,633 ;1574134,490 ;137,221 ;6,5 ;
972 ;39646,0;2266978,834 ;1574134,339 ;137,218 ;6,5 ;
973 ;39648,0;2266977,182 ;1574134,099 ;137,227 ;6,4 ;
974 ;39649,0;2266976,354 ;1574134,023 ;137,223 ;6,3 ;
975 ;39650,0;2266975,535 ;1574133,948 ;137,237 ;6,3 ;
976 ;39651,0;2266974,725 ;1574133,885 ;137,243 ;6,3 ;
977 ;39652,0;2266973,937 ;1574133,836 ;137,240 ;6,3 ;
978 ;39653,0;2266973,172 ;1574133,775 ;137,243 ;6,2 ;
979 ;39654,0;2266972,480 ;1574133,651 ;137,229 ;6,1 ;
980 ;39655,0;2266971,830 ;1574133,482 ;137,250 ;6,1 ;
981 ;39656,0;2266971,192 ;1574133,303 ;137,250 ;6,0 ;
982 ;39657,0;2266970,566 ;1574133,112 ;137,235 ;5,9 ;
983 ;39658,0;2266969,963 ;1574132,899 ;137,225 ;5,8 ;
984 ;39659,0;2266969,376 ;1574132,674 ;137,240 ;5,8 ;
985 ;39660,0;2266968,859 ;1574132,482 ;137,231 ;5,7 ;
986 ;39661,0;2266968,398 ;1574132,317 ;137,234 ;5,7 ;
987 ;39662,0;2266967,967 ;1574132,144 ;137,218 ;5,7 ;
988 ;39663,0;2266967,542 ;1574131,977 ;137,223 ;5,6 ;
989 ;39664,0;2266967,113 ;1574131,795 ;137,223 ;5,6 ;
990 ;39665,0;2266966,625 ;1574131,609 ;137,239 ;5,5 ;
991 ;39666,0;2266966,145 ;1574131,424 ;137,234 ;5,4 ;
992 ;39667,0;2266965,545 ;1574131,248 ;137,242 ;5,3 ;
993 ;39668,0;2266965,079 ;1574131,081 ;137,300 ;5,1 ;
994 ;39669,0;2266964,277 ;1574130,908 ;137,256 ;4,6 ;
995 ;39671,0;2266963,558 ;1574130,812 ;137,213 ;4,5 ;
996 ;39672,0;2266963,221 ;1574130,862 ;137,264 ;4,5 ;
997 ;39673,0;2266962,890 ;1574131,092 ;137,244 ;4,7 ;
998 ;39674,0;2266962,781 ;1574131,298 ;137,242 ;4,5 ;
999 ;39675,0;2266962,642 ;1574131,582 ;137,229 ;4,7 ;
1000 ;39676,0;2266962,505 ;1574132,078 ;137,248 ;5,2 ;
1001 ;39677,0;2266962,374 ;1574132,386 ;137,237 ;5,3 ;
1002 ;39678,0;2266962,268 ;1574132,735 ;137,196 ;5,4 ;
1003 ;39679,0;2266962,251 ;1574133,036 ;137,201 ;5,3 ;
1004 ;39680,0;2266962,149 ;1574133,346 ;137,206 ;5,4 ;
1005 ;39682,0;2266962,131 ;1574133,750 ;137,225 ;5,5 ;
1006 ;39684,0;2266962,043 ;1574134,021 ;137,222 ;5,5 ;
1007 ;39685,0;2266961,978 ;1574134,153 ;137,225 ;5,6 ;
1008 ;39686,0;2266961,933 ;1574134,259 ;137,210 ;5,6 ;
1009 ;39690,0;2266961,726 ;1574134,813 ;137,232 ;6,1 ;
1010 ;39691,0;2266961,739 ;1574134,978 ;137,212 ;6,1 ;
1011 ;39692,0;2266961,736 ;1574135,165 ;137,220 ;6,1 ;
1013 ;39818,0;2266973,526 ;1574150,277 ;137,239 ;4,2 ;
1014 ;39819,0;2266973,937 ;1574150,455 ;137,241 ;4,4 ;
1015 ;39820,0;2266974,386 ;1574150,643 ;137,228 ;4,4 ;
1016 ;39821,0;2266974,866 ;1574150,813 ;137,238 ;4,4 ;
1017 ;39822,0;2266975,247 ;1574150,930 ;137,237 ;4,5 ;
1018 ;39823,0;2266975,829 ;1574151,074 ;137,251 ;4,5 ;
1019 ;39824,0;2266976,328 ;1574151,173 ;137,255 ;4,4 ;
1020 ;39825,0;2266976,824 ;1574151,262 ;137,247 ;4,3 ;
1021 ;39826,0;2266977,343 ;1574151,355 ;137,242 ;4,3 ;
1022 ;39827,0;2266977,864 ;1574151,455 ;137,246 ;4,4 ;
1023 ;39828,0;2266978,386 ;1574151,577 ;137,252 ;4,6 ;
1024 ;39829,0;2266978,999 ;1574151,773 ;137,254 ;5,2 ;
1025 ;39830,0;2266979,389 ;1574151,924 ;137,253 ;5,1 ;
1026 ;39831,0;2266979,866 ;1574152,145 ;137,243 ;5,6 ;
1027 ;39833,0;2266980,886 ;1574152,609 ;137,258 ;5,4 ;
1028 ;39834,0;2266981,434 ;1574152,841 ;137,249 ;5,7 ;
1029 ;39835,0;2266981,993 ;1574153,057 ;137,226 ;5,7 ;
1030 ;39836,0;2266982,548 ;1574153,270 ;137,249 ;5,8 ;
1031 ;39837,0;2266983,065 ;1574153,473 ;137,248 ;5,6 ;
1032 ;39838,0;2266983,616 ;1574153,646 ;137,257 ;5,6 ;
1033 ;39839,0;2266984,228 ;1574153,759 ;137,247 ;5,7 ;
1034 ;39840,0;2266984,858 ;1574153,824 ;137,255 ;5,9 ;
1035 ;39841,0;2266985,502 ;1574153,837 ;137,251 ;6,0 ;
1036 ;39842,0;2266986,172 ;1574153,780 ;137,244 ;6,0 ;
1037 ;39843,0;2266986,832 ;1574153,696 ;137,236 ;6,0 ;
1038 ;39844,0;2266987,483 ;1574153,584 ;137,240 ;6,1 ;
1039 ;39845,0;2266988,117 ;1574153,428 ;137,233 ;6,1 ;
1040 ;39846,0;2266988,700 ;1574153,266 ;137,268 ;6,1 ;
1041 ;39847,0;2266989,243 ;1574153,155 ;137,248 ;6,1 ;
1042 ;39848,0;2266989,732 ;1574153,117 ;137,258 ;6,1 ;
1043 ;39849,0;2266990,206 ;1574153,165 ;137,256 ;6,1 ;
1044 ;39850,0;2266990,589 ;1574153,253 ;137,262 ;6,1 ;
1045 ;39851,0;2266991,202 ;1574153,450 ;137,264 ;6,1 ;
1046 ;39852,0;2266991,774 ;1574153,615 ;137,238 ;6,2 ;
1047 ;39853,0;2266992,341 ;1574153,776 ;137,235 ;6,2 ;
1048 ;39854,0;2266992,840 ;1574153,975 ;137,249 ;6,2 ;
1049 ;39855,0;2266993,369 ;1574154,213 ;137,249 ;6,2 ;
1050 ;39856,0;2266993,956 ;1574154,435 ;137,241 ;6,3 ;
1051 ;39857,0;2266994,585 ;1574154,629 ;137,230 ;6,3 ;
1052 ;39858,0;2266995,104 ;1574154,767 ;137,241 ;6,3 ;
1053 ;39859,0;2266995,707 ;1574154,925 ;137,245 ;6,3 ;
1054 ;39860,0;2266996,270 ;1574155,107 ;137,246 ;6,4 ;
1055 ;39861,0;2266996,862 ;1574155,295 ;137,245 ;6,4 ;
1056 ;39862,0;2266997,479 ;1574155,469 ;137,238 ;6,4 ;
1057 ;39863,0;2266998,082 ;1574155,643 ;137,244 ;6,4 ;
1058 ;39864,0;2266998,789 ;1574155,889 ;137,224 ;6,4 ;
1059 ;39866,0;2266999,859 ;1574156,452 ;137,242 ;6,3 ;
1060 ;39867,0;2267000,405 ;1574156,719 ;137,245 ;6,3 ;
1061 ;39868,0;2267000,980 ;1574156,949 ;137,228 ;6,4 ;
1062 ;39869,0;2267001,583 ;1574157,153 ;137,231 ;6,4 ;
1063 ;39870,0;2267002,203 ;1574157,335 ;137,247 ;6,3 ;
1064 ;39871,0;2267002,802 ;1574157,544 ;137,275 ;6,1 ;
1065 ;39872,0;2267003,545 ;1574157,804 ;137,248 ;5,7 ;
1066 ;39873,0;2267004,018 ;1574158,000 ;137,236 ;5,7 ;
1067 ;39874,0;2267004,620 ;1574158,237 ;137,237 ;5,8 ;
1068 ;39875,0;2267005,218 ;1574158,472 ;137,225 ;5,8 ;
1069 ;39876,0;2267005,823 ;1574158,710 ;137,224 ;5,8 ;
1070 ;39877,0;2267006,432 ;1574158,936 ;137,229 ;5,8 ;
1071 ;39878,0;2267007,149 ;1574159,214 ;137,251 ;5,7 ;
1072 ;39879,0;2267007,511 ;1574159,353 ;137,235 ;5,6 ;
1073 ;39880,0;2267008,224 ;1574159,644 ;137,242 ;5,5 ;
1074 ;39881,0;2267008,944 ;1574159,938 ;137,234 ;5,3 ;
1075 ;39882,0;2267009,540 ;1574160,198 ;137,250 ;5,3 ;
1076 ;39883,0;2267010,018 ;1574160,415 ;137,239 ;5,1 ;
1077 ;39884,0;2267010,615 ;1574160,677 ;137,237 ;5,1 ;
1078 ;39885,0;2267011,334 ;1574160,977 ;137,239 ;5,1 ;
1079 ;39886,0;2267011,709 ;1574161,117 ;137,238 ;5,1 ;
1080 ;39887,0;2267012,455 ;1574161,398 ;137,236 ;5,0 ;
1081 ;39889,0;2267013,766 ;1574161,800 ;137,250 ;5,0 ;
1082 ;39890,0;2267014,426 ;1574161,965 ;137,250 ;4,9 ;
1083 ;39891,0;2267015,097 ;1574162,127 ;137,245 ;4,9 ;
1084 ;39892,0;2267015,786 ;1574162,288 ;137,260 ;4,8 ;
1085 ;39893,0;2267016,478 ;1574162,463 ;137,241 ;4,5 ;
1086 ;39894,0;2267017,205 ;1574162,656 ;137,247 ;4,4 ;
1087 ;39895,0;2267017,941 ;1574162,830 ;137,252 ;4,4 ;
1088 ;39896,0;2267018,652 ;1574163,045 ;137,252 ;4,3 ;
1089 ;39897,0;2267019,347 ;1574163,303 ;137,242 ;4,2 ;
1090 ;39898,0;2267020,069 ;1574163,614 ;137,245 ;4,2 ;
1091 ;39899,0;2267020,821 ;1574163,919 ;137,243 ;4,1 ;
1092 ;39900,0;2267021,623 ;1574164,189 ;137,242 ;4,0 ;
1093 ;39901,0;2267022,455 ;1574164,398 ;137,254 ;3,9 ;
1094 ;39902,0;2267023,294 ;1574164,566 ;137,256 ;3,8 ;
1095 ;39903,0;2267024,036 ;1574164,730 ;137,232 ;3,7 ;
1096 ;39904,0;2267024,694 ;1574164,968 ;137,239 ;3,6 ;
1097 ;39905,0;2267025,266 ;1574165,314 ;137,251 ;3,6 ;
1098 ;39906,0;2267025,802 ;1574165,765 ;137,237 ;3,5 ;
1099 ;39907,0;2267026,239 ;1574166,152 ;137,241 ;3,4 ;
1100 ;39908,0;2267026,931 ;1574166,737 ;137,231 ;3,2 ;
1101 ;39909,0;2267027,555 ;1574167,214 ;137,232 ;3,2 ;
1102 ;39910,0;2267028,207 ;1574167,659 ;137,238 ;3,1 ;
1103 ;39911,0;2267028,882 ;1574168,088 ;137,245 ;3,0 ;
1104 ;39912,0;2267029,598 ;1574168,469 ;137,245 ;3,0 ;
1105 ;39913,0;2267030,324 ;1574168,802 ;137,247 ;3,0 ;
1106 ;39914,0;2267031,174 ;1574169,180 ;137,239 ;2,9 ;
1107 ;39915,0;2267031,584 ;1574169,363 ;137,239 ;2,9 ;
1108 ;39916,0;2267032,260 ;1574169,669 ;137,232 ;2,9 ;
1109 ;39917,0;2267032,949 ;1574169,982 ;137,232 ;2,9 ;
1110 ;39918,0;2267033,665 ;1574170,295 ;137,225 ;2,9 ;
1111 ;39920,0;2267035,308 ;1574170,951 ;137,239 ;2,9 ;
1112 ;39921,0;2267036,079 ;1574171,205 ;137,221 ;2,9 ;
1113 ;39922,0;2267036,835 ;1574171,443 ;137,232 ;2,9 ;
1114 ;39923,0;2267037,414 ;1574171,636 ;137,221 ;2,9 ;
1115 ;39924,0;2267038,252 ;1574171,965 ;137,235 ;2,9 ;
1116 ;39925,0;2267038,949 ;1574172,283 ;137,242 ;2,9 ;
1117 ;39926,0;2267039,712 ;1574172,580 ;137,247 ;2,9 ;
1118 ;39927,0;2267040,512 ;1574172,793 ;137,238 ;2,9 ;
1119 ;39928,0;2267041,347 ;1574172,945 ;137,242 ;3,0 ;
1120 ;39929,0;2267042,202 ;1574173,003 ;137,243 ;3,0 ;
1121 ;39930,0;2267042,969 ;1574173,050 ;137,244 ;3,0 ;
1122 ;39931,0;2267043,660 ;1574173,180 ;137,249 ;3,0 ;
1123 ;39932,0;2267044,303 ;1574173,433 ;137,259 ;3,0 ;
1124 ;39933,0;2267044,943 ;1574173,773 ;137,252 ;3,0 ;
1125 ;39934,0;2267045,575 ;1574174,169 ;137,256 ;3,0 ;
1126 ;39935,0;2267046,215 ;1574174,565 ;137,245 ;3,0 ;
1127 ;39936,0;2267046,879 ;1574174,961 ;137,253 ;3,0 ;
1128 ;39937,0;2267047,575 ;1574175,353 ;137,255 ;2,9 ;
1129 ;39938,0;2267048,303 ;1574175,710 ;137,251 ;2,9 ;
1130 ;39939,0;2267049,041 ;1574176,034 ;137,246 ;2,9 ;
1131 ;39940,0;2267049,798 ;1574176,323 ;137,254 ;2,9 ;
1132 ;39941,0;2267050,392 ;1574176,538 ;137,255 ;2,9 ;
1133 ;39942,0;2267051,275 ;1574176,838 ;137,252 ;2,9 ;
1134 ;39943,0;2267051,928 ;1574177,114 ;137,253 ;2,8 ;
1135 ;39944,0;2267052,505 ;1574177,469 ;137,248 ;2,8 ;
1136 ;39945,0;2267053,043 ;1574177,896 ;137,242 ;2,7 ;
1137 ;39946,0;2267053,552 ;1574178,376 ;137,255 ;2,6 ;
1138 ;39947,0;2267054,094 ;1574178,871 ;137,253 ;2,6 ;
1139 ;39948,0;2267054,571 ;1574179,236 ;137,243 ;2,5 ;
1140 ;39949,0;2267055,185 ;1574179,648 ;137,242 ;2,5 ;
1141 ;39950,0;2267055,836 ;1574180,043 ;137,239 ;2,4 ;
1142 ;39951,0;2267056,496 ;1574180,413 ;137,246 ;2,4 ;
1143 ;39952,0;2267057,191 ;1574180,786 ;137,244 ;2,4 ;
1144 ;39953,0;2267058,080 ;1574181,226 ;137,249 ;2,3 ;
1145 ;39954,0;2267058,842 ;1574181,550 ;137,244 ;2,3 ;
1146 ;39956,0;2267060,202 ;1574182,222 ;137,248 ;2,4 ;
1147 ;39957,0;2267060,846 ;1574182,608 ;137,247 ;2,4 ;
1148 ;39958,0;2267061,501 ;1574183,019 ;137,256 ;2,4 ;
1149 ;39959,0;2267062,148 ;1574183,411 ;137,245 ;2,4 ;
1150 ;39960,0;2267062,828 ;1574183,763 ;137,245 ;2,3 ;
1151 ;39961,0;2267063,537 ;1574184,066 ;137,244 ;2,5 ;
1152 ;39962,0;2267064,271 ;1574184,322 ;137,241 ;2,6 ;
1153 ;39963,0;2267065,012 ;1574184,530 ;137,245 ;2,6 ;
1154 ;39964,0;2267065,719 ;1574184,708 ;137,249 ;2,6 ;
1155 ;39965,0;2267066,392 ;1574184,903 ;137,242 ;2,7 ;
1156 ;39966,0;2267067,040 ;1574185,123 ;137,254 ;2,7 ;
1157 ;39967,0;2267067,601 ;1574185,436 ;137,247 ;2,8 ;
1158 ;39968,0;2267068,073 ;1574185,858 ;137,242 ;2,8 ;
1159 ;39969,0;2267068,473 ;1574186,355 ;137,256 ;2,9 ;
1160 ;39970,0;2267068,815 ;1574186,898 ;137,259 ;3,0 ;
1161 ;39971,0;2267069,129 ;1574187,436 ;137,259 ;3,0 ;
1162 ;39972,0;2267069,437 ;1574188,000 ;137,256 ;3,1 ;
1163 ;39973,0;2267069,777 ;1574188,568 ;137,265 ;3,1 ;
1164 ;39974,0;2267070,183 ;1574189,123 ;137,262 ;3,1 ;
1165 ;39975,0;2267070,631 ;1574189,650 ;137,257 ;3,2 ;
1166 ;39976,0;2267071,112 ;1574190,146 ;137,247 ;3,3 ;
1167 ;39977,0;2267071,615 ;1574190,613 ;137,243 ;3,2 ;
1168 ;39978,0;2267072,138 ;1574191,062 ;137,238 ;3,3 ;
1169 ;39979,0;2267072,668 ;1574191,486 ;137,234 ;3,3 ;
1170 ;39980,0;2267073,195 ;1574191,897 ;137,249 ;3,3 ;
1171 ;39981,0;2267073,719 ;1574192,304 ;137,241 ;3,3 ;
1172 ;39982,0;2267074,267 ;1574192,694 ;137,240 ;3,3 ;
1173 ;39983,0;2267074,825 ;1574193,068 ;137,244 ;3,3 ;
1174 ;39984,0;2267075,393 ;1574193,416 ;137,237 ;3,3 ;
1175 ;39985,0;2267075,964 ;1574193,757 ;137,238 ;3,3 ;
1176 ;39986,0;2267076,682 ;1574194,160 ;137,240 ;3,3 ;
1177 ;39987,0;2267077,280 ;1574194,479 ;137,256 ;3,3 ;
1178 ;39988,0;2267077,757 ;1574194,734 ;137,251 ;3,3 ;
1179 ;39989,0;2267078,358 ;1574195,062 ;137,240 ;3,2 ;
1180 ;39990,0;2267078,965 ;1574195,386 ;137,243 ;3,2 ;
1181 ;39991,0;2267079,599 ;1574195,698 ;137,240 ;3,2 ;
1182 ;39992,0;2267080,259 ;1574195,988 ;137,247 ;3,2 ;
1183 ;39993,0;2267080,898 ;1574196,268 ;137,251 ;3,2 ;
1184 ;39994,0;2267081,541 ;1574196,548 ;137,251 ;3,2 ;
1185 ;39995,0;2267082,325 ;1574196,881 ;137,251 ;3,1 ;
1186 ;39996,0;2267082,712 ;1574197,063 ;137,243 ;3,1 ;
1187 ;39997,0;2267083,379 ;1574197,388 ;137,245 ;3,0 ;
1188 ;39998,0;2267084,049 ;1574197,725 ;137,243 ;3,0 ;
1189 ;39999,0;2267084,864 ;1574198,162 ;137,237 ;2,9 ;
1190 ;40001,0;2267086,208 ;1574198,984 ;137,239 ;2,7 ;
1191 ;40002,0;2267086,877 ;1574199,417 ;137,242 ;2,7 ;
1192 ;40003,0;2267087,548 ;1574199,837 ;137,239 ;2,6 ;
1193 ;40004,0;2267088,258 ;1574200,237 ;137,244 ;2,4 ;
1194 ;40005,0;2267088,999 ;1574200,589 ;137,244 ;2,4 ;
1196 ;40007,0;2267090,508 ;1574201,112 ;137,254 ;2,2 ;
1197 ;40008,0;2267091,246 ;1574201,352 ;137,253 ;2,1 ;
1198 ;40009,0;2267091,982 ;1574201,585 ;137,265 ;2,0 ;
1199 ;40010,0;2267092,703 ;1574201,821 ;137,248 ;2,0 ;
1200 ;40011,0;2267093,414 ;1574202,088 ;137,247 ;2,1 ;
1201 ;40012,0;2267094,114 ;1574202,395 ;137,253 ;2,3 ;
1202 ;40013,0;2267094,799 ;1574202,735 ;137,252 ;2,0 ;
1203 ;40014,0;2267095,487 ;1574203,096 ;137,251 ;1,8 ;
1204 ;40015,0;2267096,177 ;1574203,435 ;137,259 ;1,6 ;
1205 ;40016,0;2267096,864 ;1574203,766 ;137,262 ;2,0 ;
1206 ;40017,0;2267097,544 ;1574204,068 ;137,258 ;1,9 ;
1207 ;40018,0;2267098,223 ;1574204,332 ;137,273 ;1,8 ;
1208 ;40019,0;2267098,907 ;1574204,558 ;137,249 ;1,2 ;
1209 ;40020,0;2267099,492 ;1574204,741 ;137,261 ;1,8 ;
1210 ;40021,0;2267099,940 ;1574204,871 ;137,250 ;1,8 ;
1211 ;40022,0;2267100,269 ;1574204,959 ;137,255 ;1,8 ;
1212 ;40023,0;2267100,421 ;1574205,014 ;137,258 ;1,9 ;
1213 ;40024,0;2267100,444 ;1574205,013 ;137,266 ;1,3 ;
1214 ;40025,0;2267100,436 ;1574204,913 ;137,248 ;1,9 ;
1215 ;40026,0;2267100,441 ;1574204,723 ;137,258 ;1,9 ;
1216 ;40027,0;2267100,459 ;1574204,564 ;137,264 ;1,8 ;
1217 ;40028,0;2267100,486 ;1574204,511 ;137,261 ;1,9 ;
1218 ;40029,0;2267100,439 ;1574204,536 ;137,270 ;1,9 ;
1219 ;40030,0;2267100,295 ;1574204,565 ;137,254 ;1,9 ;
