id,lon(rad),lat(rad),elevation(m),cap(rad),slope,crossfall,hasBridge,hasSwitch,hasTermination,class,nearestD_left,nearestH_left,highestD_left,highestH_left,nearestD_right,nearestH_right,highestD_right,highestH_right,class,nearestD_left,nearestH_left,highestD_left,highestH_left,nearestD_right,nearestH_right,highestD_right,highestH_right,class,nearestD_left,nearestH_left,highestD_left,highestH_left,nearestD_right,nearestH_right,highestD_right,highestH_right,class,nearestD_left,nearestH_left,highestD_left,highestH_left,nearestD_right,nearestH_right,highestD_right,highestH_right
1,-0.0295440027820442,0.8398135023821499,38.960200,0.9829497286843011,-0.003750,0.176672,false,false,false,3,NaN,NaN,NaN,NaN,NaN,NaN,NaN,NaN,4,6.55,2.13,9.92,4.73,NaN,NaN,NaN,NaN,5,8.77,5.72,15.53,11.36,NaN,NaN,NaN,NaN,6,34.15,8.42,42.02,16.41,NaN,NaN,NaN,NaN
2,-0.0295434298834499,0.8398137932320432,38.948700,0.9873173323355803,-0.010292,0.164173,false,false,false,3,NaN,NaN,NaN,NaN,13.59,1.51,16.09,2.09,4,6.48,2.47,17.87,4.79,12.84,1.54,15.12,6.06,5,13.07,4.87,19.75,5.50,NaN,NaN,NaN,NaN,6,31.57,8.12,39.39,16.42,NaN,NaN,NaN,NaN
3,-0.0295428115728067,0.8398141016680853,38.914850,0.9851734736656171,-0.018997,0.178033,false,false,false,3,NaN,NaN,NaN,NaN,12.71,1.56,21.34,5.22,4,6.45,2.19,15.01,4.82,13.08,1.60,17.94,6.64,5,7.92,7.22,7.92,7.22,13.02,6.89,13.30,6.90,6,28.88,8.15,36.63,16.45,NaN,NaN,NaN,NaN
4,-0.0295422613763746,0.8398143837246062,38.858700,0.9991133044108511,0.009051,0.131526,false,false,false,3,NaN,NaN,NaN,NaN,13.78,1.63,23.67,5.28,4,6.55,2.00,16.58,6.21,12.79,1.73,20.27,6.70,5,8.60,5.59,15.79,6.81,15.36,6.95,15.66,6.96,6,26.60,8.21,34.25,16.51,NaN,NaN,NaN,NaN
5,-0.0295416753406977,0.8398146593760804,38.886350,0.9924282713829697,0.014927,0.195409,false,false,false,3,16.19,5.30,16.47,6.12,13.07,1.76,26.28,5.25,4,6.18,2.46,16.03,7.07,13.14,1.76,22.89,6.67,5,8.32,4.96,13.17,6.79,18.03,6.92,18.33,6.93,6,24.99,8.09,31.82,16.48,NaN,NaN,NaN,NaN
6,-0.0295411595569140,0.8398149321606213,38.928200,0.9782577856026621,-0.012546,0.154704,false,false,false,3,13.76,5.26,14.06,6.08,12.96,1.66,28.68,5.21,4,6.38,1.85,13.57,7.15,11.93,1.54,25.30,6.63,5,8.80,5.58,13.49,7.16,13.69,8.78,13.69,8.78,6,23.46,9.87,24.13,14.91,NaN,NaN,NaN,NaN
7,-0.0295405749459539,0.8398152234867777,38.889200,0.9806469884320180,-0.003431,0.210038,false,false,false,3,11.21,5.28,11.53,6.12,15.21,2.44,21.22,5.33,4,6.39,2.02,11.00,7.19,12.87,1.61,28.20,6.30,5,5.08,5.98,10.88,7.20,16.27,8.82,16.27,8.82,6,21.76,14.82,21.95,14.93,NaN,NaN,NaN,NaN
8,-0.0295400364586082,0.8398155050648234,38.879200,0.9622662067414350,-0.009317,0.206517,false,false,false,3,11.55,4.38,13.66,6.01,15.08,2.13,23.48,5.34,4,6.68,2.47,12.86,7.13,12.27,1.62,31.30,5.81,5,2.16,5.06,9.11,6.99,18.81,8.83,18.81,8.83,6,20.04,9.21,20.58,14.86,NaN,NaN,NaN,NaN
9,-0.0295394649828524,0.8398158115885845,38.850100,0.9507083186026936,0.023946,0.223518,false,false,false,3,10.48,4.62,12.22,5.11,13.54,1.63,26.03,5.37,4,6.14,1.91,12.51,6.35,12.93,2.48,25.36,5.74,5,5.00,5.89,9.34,6.14,NaN,NaN,NaN,NaN,6,23.93,2.14,26.52,2.37,NaN,NaN,NaN,NaN
10,-0.0295389389150549,0.8398161005261011,38.919600,0.9595392444518301,-0.020825,0.168036,false,false,false,3,9.11,2.53,16.79,4.94,15.76,1.56,28.49,5.30,4,4.99,4.34,10.24,6.28,12.67,1.58,18.32,5.62,5,3.47,5.67,4.05,5.91,NaN,NaN,NaN,NaN,6,20.63,2.94,21.15,4.02,NaN,NaN,NaN,NaN
11,-0.0295383777201481,0.8398163908968357,38.856600,0.9648961582122274,0.009317,0.211122,false,false,false,3,12.89,2.04,14.27,5.00,13.15,1.61,31.17,5.36,4,7.00,1.63,15.88,6.52,12.99,1.80,18.49,6.18,5,13.00,5.89,13.89,7.25,NaN,NaN,NaN,NaN,6,17.21,2.07,17.37,6.42,NaN,NaN,NaN,NaN
12,-0.0295378062433375,0.8398166974209053,38.885700,0.9469353390543408,-0.003813,0.137215,false,false,false,3,11.20,2.48,15.15,3.06,13.13,1.59,23.37,5.12,4,8.77,1.58,12.61,6.54,13.99,1.84,19.48,6.43,5,3.30,6.17,14.23,7.91,NaN,NaN,NaN,NaN,6,14.51,2.04,14.71,6.39,NaN,NaN,NaN,NaN
13,-0.0295372581834706,0.8398170029877025,38.874100,0.9507078362933623,-0.001843,0.144753,false,false,false,3,NaN,NaN,NaN,NaN,13.18,1.59,25.77,5.13,4,6.91,1.62,10.24,6.50,12.79,1.61,19.85,6.48,5,9.31,5.41,11.79,7.92,NaN,NaN,NaN,NaN,6,12.12,2.05,12.36,6.40,NaN,NaN,NaN,NaN
14,-0.0295367086980278,0.8398172928809086,38.868600,0.9526604023417328,-0.013122,0.144284,false,false,false,3,NaN,NaN,NaN,NaN,13.24,1.69,20.18,5.82,4,6.71,1.71,10.09,5.29,13.59,1.73,22.21,6.48,5,9.47,5.05,10.29,5.44,NaN,NaN,NaN,NaN,6,12.11,1.60,30.30,2.36,NaN,NaN,NaN,NaN
15,-0.0295361716335035,0.8398175901321355,38.829600,0.9341588535972121,0.010860,0.211774,false,false,false,3,NaN,NaN,NaN,NaN,13.04,1.77,23.18,8.74,4,NaN,NaN,NaN,NaN,13.20,1.70,24.05,11.46,5,NaN,NaN,NaN,NaN,19.31,12.00,21.53,12.56,6,12.20,1.64,27.72,2.40,NaN,NaN,NaN,NaN
16,-0.0295356352808469,0.8398178952223129,38.862200,0.9439850184934920,-0.002980,0.130062,false,false,false,3,NaN,NaN,NaN,NaN,14.15,1.64,27.31,10.37,4,NaN,NaN,NaN,NaN,14.42,1.66,26.38,12.49,5,NaN,NaN,NaN,NaN,18.68,8.26,21.98,13.96,6,12.61,1.61,25.22,2.37,NaN,NaN,NaN,NaN
17,-0.0295350747981011,0.8398181934287678,38.853100,0.9546604401793448,-0.015887,0.128345,false,false,false,3,NaN,NaN,NaN,NaN,11.70,1.63,30.87,11.14,4,NaN,NaN,NaN,NaN,11.71,1.63,24.04,14.56,5,NaN,NaN,NaN,NaN,20.80,8.05,24.25,14.55,6,12.61,1.61,22.74,2.38,NaN,NaN,NaN,NaN
18,-0.0295345597236078,0.8398184740498673,38.808100,0.9291449523792583,0.012893,0.191059,false,false,false,3,NaN,NaN,NaN,NaN,12.22,1.69,31.01,11.23,4,NaN,NaN,NaN,NaN,11.72,1.90,26.73,14.78,5,NaN,NaN,NaN,NaN,22.23,9.59,27.86,14.66,6,12.61,1.66,28.08,2.42,NaN,NaN,NaN,NaN
19,-0.0295340130892725,0.8398187952914697,38.848100,0.9192626800066712,-0.002498,0.133046,false,false,false,3,NaN,NaN,NaN,NaN,11.76,1.63,28.61,11.53,4,NaN,NaN,NaN,NaN,11.74,1.74,29.07,14.74,5,NaN,NaN,NaN,NaN,20.60,10.56,30.18,14.62,6,13.07,1.62,25.49,2.38,NaN,NaN,NaN,NaN
20,-0.0295334767363376,0.8398191003810187,38.840600,0.9308708820008362,-0.018484,0.132342,false,false,false,3,NaN,NaN,NaN,NaN,11.99,1.70,30.83,11.53,4,NaN,NaN,NaN,NaN,10.45,2.25,31.49,14.74,5,NaN,NaN,NaN,NaN,9.95,5.59,32.58,14.62,6,13.27,1.62,23.07,2.39,NaN,NaN,NaN,NaN
21,-0.0295329623740555,0.8398193888391864,38.787700,0.9290767545977124,-0.006652,0.188446,false,false,false,3,NaN,NaN,NaN,NaN,12.28,1.76,33.07,11.59,4,NaN,NaN,NaN,NaN,10.96,1.95,33.90,14.80,5,NaN,NaN,NaN,NaN,12.37,5.64,34.96,14.68,6,13.43,1.71,27.81,2.44,NaN,NaN,NaN,NaN
22,-0.0295323703288406,0.8398197276671148,38.765600,0.9192636734058806,-0.009669,0.194069,false,false,false,3,NaN,NaN,NaN,NaN,11.30,1.90,35.77,11.61,4,NaN,NaN,NaN,NaN,11.00,1.70,36.76,14.82,5,NaN,NaN,NaN,NaN,16.47,5.88,37.80,14.70,6,13.11,1.70,26.77,2.48,NaN,NaN,NaN,NaN
23,-0.0295318793822354,0.8398200151695656,38.738700,0.8805172363583496,-0.017079,0.067453,false,false,false,3,NaN,NaN,NaN,NaN,11.78,1.94,38.08,11.64,4,15.26,1.75,16.00,1.76,11.51,1.79,38.10,14.24,5,NaN,NaN,NaN,NaN,18.99,6.07,38.06,14.12,6,12.92,1.72,24.44,2.51,NaN,NaN,NaN,NaN
24,-0.0295313473083773,0.8398203672841651,38.684200,0.8910540654168196,0.036846,0.122355,false,false,false,3,16.13,1.78,16.56,1.80,11.40,1.87,40.71,11.69,4,12.83,1.81,13.51,1.81,11.30,1.85,41.13,13.61,5,NaN,NaN,NaN,NaN,22.52,6.79,22.52,6.79,6,12.81,1.78,22.03,2.57,NaN,NaN,NaN,NaN
25,-0.0295308329446190,0.8398206557410000,38.789650,0.9240638620333983,-0.002309,0.114471,false,false,false,3,13.47,1.67,13.75,1.69,11.45,1.77,24.94,6.74,4,13.93,1.69,13.94,1.70,10.91,1.68,24.98,6.66,5,NaN,NaN,NaN,NaN,24.93,6.68,24.93,6.68,6,12.51,1.68,19.89,2.46,NaN,NaN,NaN,NaN
26,-0.0295302973027051,0.8398209686671751,38.782650,0.9142594381455097,-0.009581,0.135754,false,false,false,3,10.22,1.69,11.33,1.70,13.82,1.84,22.73,6.45,4,10.11,1.69,11.54,1.70,10.86,4.29,23.56,6.41,5,NaN,NaN,NaN,NaN,10.99,5.77,11.15,6.23,6,12.51,1.68,20.39,2.46,NaN,NaN,NaN,NaN
27,-0.0295297616603480,0.8398212815924231,38.753600,0.9013235509827100,-0.013218,0.108910,false,false,false,3,NaN,NaN,NaN,NaN,16.67,2.10,25.28,6.48,4,NaN,NaN,NaN,NaN,11.64,3.69,25.66,6.28,5,NaN,NaN,NaN,NaN,11.58,5.47,12.53,6.80,6,12.28,1.71,26.24,2.49,NaN,NaN,NaN,NaN
28,-0.0295292274440832,0.8398216101932746,38.712700,0.8910539422034363,0.009802,0.195108,false,false,false,3,NaN,NaN,NaN,NaN,13.49,1.99,23.29,5.35,4,2.91,1.78,2.91,1.78,9.51,2.84,15.55,6.47,5,NaN,NaN,NaN,NaN,13.91,5.51,14.81,6.84,6,11.90,1.76,23.66,2.53,NaN,NaN,NaN,NaN
29,-0.0295287152186564,0.8398219221635760,38.741650,0.8846553787417346,-0.007038,0.108977,false,false,false,3,NaN,NaN,NaN,NaN,13.74,2.05,27.71,3.74,4,NaN,NaN,NaN,NaN,10.52,2.05,17.82,6.45,5,NaN,NaN,NaN,NaN,16.38,5.48,17.23,6.81,6,11.81,1.73,21.31,2.50,NaN,NaN,NaN,NaN
30,-0.0295281817136483,0.8398222586016774,38.719650,0.8975205585713469,-0.025225,0.129401,false,false,false,3,NaN,NaN,NaN,NaN,12.38,1.75,18.50,4.73,4,NaN,NaN,NaN,NaN,11.82,2.64,20.40,6.47,5,NaN,NaN,NaN,NaN,NaN,NaN,NaN,NaN,6,11.68,1.74,38.94,5.12,NaN,NaN,NaN,NaN
31,-0.0295276680622218,0.8398225548959133,38.646700,0.8898361542781077,-0.003422,0.187979,false,false,false,3,NaN,NaN,NaN,NaN,14.02,2.12,20.09,5.26,4,NaN,NaN,NaN,NaN,14.01,2.39,22.37,6.46,5,NaN,NaN,NaN,NaN,NaN,NaN,NaN,NaN,6,11.40,1.83,36.46,5.19,NaN,NaN,NaN,NaN
32,-0.0295271242746436,0.8398229074871708,38.635650,0.8605704334511315,0.010314,0.204396,false,false,false,3,NaN,NaN,NaN,NaN,16.51,1.89,22.46,5.27,4,NaN,NaN,NaN,NaN,15.32,4.21,24.51,6.37,5,NaN,NaN,NaN,NaN,NaN,NaN,NaN,NaN,6,11.35,1.84,33.89,5.20,NaN,NaN,NaN,NaN
33,-0.0295266361785744,0.8398232263389963,38.665650,0.8816544781462723,-0.011043,0.124875,false,false,false,3,NaN,NaN,NaN,NaN,15.71,1.86,24.76,5.24,4,NaN,NaN,NaN,NaN,15.41,5.40,20.43,7.42,5,NaN,NaN,NaN,NaN,15.30,6.68,19.05,8.27,6,11.25,1.80,31.68,5.17,NaN,NaN,NaN,NaN
34,-0.0295261122430169,0.8398235387855300,38.632600,0.8824040365970923,0.005281,0.119667,false,false,false,3,NaN,NaN,NaN,NaN,17.91,1.89,27.09,4.75,4,NaN,NaN,NaN,NaN,15.57,5.21,23.20,7.67,5,NaN,NaN,NaN,NaN,14.76,7.35,19.50,9.54,6,10.90,1.83,39.09,15.09,NaN,NaN,NaN,NaN
35,-0.0295255684554061,0.8398238913763145,38.649650,0.8677336177162531,-0.015664,0.124626,false,false,false,3,NaN,NaN,NaN,NaN,20.44,1.87,35.38,4.28,4,NaN,NaN,NaN,NaN,13.89,3.26,25.08,7.80,5,NaN,NaN,NaN,NaN,11.98,6.68,21.54,10.76,6,11.05,1.82,36.42,15.07,NaN,NaN,NaN,NaN
36,-0.0295250906412793,0.8398241940742842,38.605700,0.8667833234942814,-0.005152,0.197596,false,false,false,3,NaN,NaN,NaN,NaN,18.77,1.93,37.62,4.32,4,NaN,NaN,NaN,NaN,13.84,4.18,23.11,7.86,5,NaN,NaN,NaN,NaN,13.82,6.86,18.34,11.37,6,10.79,1.86,34.15,15.12,NaN,NaN,NaN,NaN
37,-0.0295245358554340,0.8398245549800416,38.588700,0.8544233055689955,-0.009770,0.213067,false,false,false,3,NaN,NaN,NaN,NaN,21.22,1.95,40.32,4.34,4,NaN,NaN,NaN,NaN,15.73,4.40,22.86,7.91,5,NaN,NaN,NaN,NaN,14.13,6.14,20.71,11.39,6,10.79,1.88,36.07,15.92,NaN,NaN,NaN,NaN
38,-0.0295240594681581,0.8398248733534663,38.560650,0.8521352491573130,0.007065,0.219962,false,false,false,3,NaN,NaN,NaN,NaN,23.51,1.98,24.02,2.01,4,NaN,NaN,NaN,NaN,13.97,2.39,25.42,8.17,5,NaN,NaN,NaN,NaN,15.10,7.25,22.94,11.41,6,10.73,1.91,33.80,15.94,NaN,NaN,NaN,NaN
39,-0.0295235603736533,0.8398252005197384,38.581700,0.8588817921555669,-0.010911,0.173823,false,false,false,3,NaN,NaN,NaN,NaN,15.61,1.92,15.61,1.92,4,NaN,NaN,NaN,NaN,14.14,5.30,23.16,8.16,5,27.84,8.65,27.84,8.65,14.41,6.86,21.54,12.44,6,10.69,1.88,31.52,15.92,NaN,NaN,NaN,NaN
40,-0.0295230055877453,0.8398255614250214,38.545700,0.8544227734283389,0.001376,0.213065,false,false,false,3,NaN,NaN,NaN,NaN,18.19,1.96,18.19,1.96,4,28.16,2.34,28.29,2.68,12.59,5.85,26.21,8.90,5,25.22,8.69,25.22,8.69,10.60,6.08,23.93,14.92,6,10.79,1.92,29.14,15.96,NaN,NaN,NaN,NaN
41,-0.0295225291993967,0.8398258797980794,38.549650,0.8457357779230785,-0.007287,0.208077,false,false,false,3,NaN,NaN,NaN,NaN,15.96,1.92,15.96,1.92,4,21.45,5.33,21.54,5.33,11.85,4.93,28.27,8.90,5,23.11,8.69,23.11,8.69,11.07,6.37,25.73,14.98,6,10.42,3.00,30.88,15.56,NaN,NaN,NaN,NaN
42,-0.0295220308169164,0.8398262148014517,38.527700,0.8320459831142902,0.006965,0.185152,false,false,false,3,14.48,3.94,15.24,4.61,18.29,1.94,18.29,1.94,4,14.11,4.31,15.42,5.66,13.12,4.70,25.73,8.95,5,15.44,5.66,23.80,10.60,11.90,7.78,27.99,15.31,6,10.38,3.07,28.75,15.58,NaN,NaN,NaN,NaN
43,-0.0295215338627440,0.8398265654803564,38.549150,0.8381505501119564,-0.015591,0.128590,false,false,false,3,12.16,3.65,13.00,4.59,13.49,1.93,13.67,2.01,4,11.18,3.64,14.07,7.68,12.80,1.99,27.87,8.93,5,12.53,5.44,21.46,10.57,13.19,8.27,30.17,15.29,6,10.45,3.04,23.47,15.28,NaN,NaN,NaN,NaN
44,-0.0295210347663848,0.8398268926459944,38.502700,0.8381516541796494,-0.011040,0.202051,false,false,false,3,10.61,2.11,12.41,3.04,13.45,2.01,16.48,2.74,4,8.96,3.62,11.70,7.73,15.03,2.10,30.16,8.98,5,10.21,5.55,19.32,10.62,15.11,8.34,32.48,15.33,6,20.47,8.73,20.81,13.81,NaN,NaN,NaN,NaN
45,-0.0295205378091109,0.8398272433247453,38.468700,0.8255466237446641,0.009771,0.193161,false,false,false,3,10.05,3.02,11.27,3.15,13.17,2.07,29.33,5.90,4,7.50,3.76,11.76,7.03,16.00,3.46,32.59,9.01,5,9.49,6.09,14.50,8.98,13.48,7.87,34.92,15.37,6,NaN,NaN,NaN,NaN,NaN,NaN,NaN,NaN
46,-0.0295200291443209,0.8398275944809701,38.499150,0.8204377226846719,0.001699,0.140007,false,false,false,3,15.43,2.59,15.83,2.79,13.66,1.97,31.48,5.87,4,6.79,3.99,10.25,6.55,15.20,5.05,28.99,9.83,5,9.36,6.11,12.19,8.95,15.80,7.82,28.09,15.13,6,25.50,3.24,25.80,3.32,NaN,NaN,NaN,NaN
47,-0.0295195548920279,0.8398279363658175,38.504200,0.8151454613351564,-0.016966,0.139217,false,false,false,3,13.22,2.59,14.59,3.01,14.46,1.97,30.29,7.31,4,8.14,4.84,14.75,6.99,13.95,5.01,31.02,9.83,5,8.44,5.56,9.88,8.32,15.04,7.69,29.65,15.09,6,22.19,3.01,23.45,3.31,NaN,NaN,NaN,NaN
48,-0.0295190689311377,0.8398282787289760,38.453150,0.8250951631110135,-0.031003,0.107786,false,false,false,3,12.21,2.50,12.31,3.06,16.11,2.03,32.34,7.36,4,8.07,4.85,12.54,7.04,13.53,4.51,33.25,9.88,5,10.25,5.70,14.09,7.97,14.45,7.02,33.28,14.75,6,18.83,2.91,21.22,3.36,NaN,NaN,NaN,NaN
49,-0.0295185382724419,0.8398286465151671,38.352150,0.8250957493009975,0.021785,0.112394,false,false,false,3,11.24,2.71,11.96,3.18,13.45,2.12,34.74,7.46,4,8.14,5.06,11.71,7.14,13.65,5.40,35.81,9.98,5,8.05,5.70,14.22,8.57,14.86,6.97,20.17,11.31,6,15.44,5.71,15.47,6.01,NaN,NaN,NaN,NaN
50,-0.0295180523107109,0.8398289888772935,38.417700,0.8208478265253618,-0.009472,0.153848,false,false,false,3,9.63,3.16,9.64,3.23,15.51,2.05,37.05,7.40,4,7.82,3.23,10.60,7.22,13.53,4.62,24.79,9.17,5,9.89,6.00,12.10,8.50,14.40,7.01,20.80,11.38,6,13.22,5.95,13.22,5.95,NaN,NaN,NaN,NaN
51,-0.0295175663475121,0.8398293312401318,38.389200,0.8093731998147327,0.002537,0.194727,false,false,false,3,14.01,2.93,14.01,2.93,17.84,2.08,39.46,7.43,4,7.25,4.35,9.17,6.50,14.11,4.38,27.94,9.04,5,9.16,6.58,10.05,7.57,14.55,8.04,21.40,11.55,6,12.20,4.79,12.20,4.79,NaN,NaN,NaN,NaN
52,-0.0295171038029397,0.8398296726474972,38.396650,0.7914855744435243,-0.022992,0.159781,false,false,false,3,12.01,2.93,12.01,2.93,19.68,4.46,40.02,7.33,4,11.80,2.76,13.81,2.93,13.43,6.08,22.51,9.23,5,NaN,NaN,NaN,NaN,13.44,6.11,20.74,11.66,6,12.11,2.93,20.34,3.43,NaN,NaN,NaN,NaN
53,-0.0295166309747016,0.8398300302074004,38.326700,0.7973333974258902,0.005719,0.081662,false,false,false,3,11.94,2.88,12.05,2.97,20.04,4.59,42.37,7.40,4,11.86,2.88,14.07,2.99,13.70,2.57,24.56,9.30,5,NaN,NaN,NaN,NaN,14.41,5.89,22.76,11.73,6,12.15,2.97,19.19,3.48,NaN,NaN,NaN,NaN
54,-0.0295161567198372,0.8398303720914360,38.343700,0.8088199537912507,-0.012203,0.184168,false,false,false,3,11.77,2.13,12.91,2.91,14.00,2.52,27.92,6.00,4,11.90,2.85,12.00,2.97,12.00,2.79,23.23,9.58,5,NaN,NaN,NaN,NaN,16.53,5.87,24.99,11.71,6,12.01,2.96,24.08,3.46,NaN,NaN,NaN,NaN
55,-0.0295156604741715,0.8398307306063558,38.305700,0.7855681771760412,-0.025138,0.243413,false,false,false,3,11.45,2.18,13.87,2.92,16.16,2.58,30.29,7.65,4,11.76,2.86,12.21,2.96,11.45,2.48,25.85,10.06,5,NaN,NaN,NaN,NaN,18.78,9.86,24.48,11.73,6,11.94,2.96,21.67,3.49,NaN,NaN,NaN,NaN
56,-0.0295152000674048,0.8398310955257351,38.229200,0.7797203212909742,0.026935,0.065172,false,false,false,3,11.86,2.98,13.97,3.04,18.45,2.66,32.20,7.73,4,11.84,2.36,15.26,3.03,13.48,2.56,27.78,10.14,5,NaN,NaN,NaN,NaN,20.89,9.89,26.75,11.80,6,12.04,3.02,19.62,3.57,NaN,NaN,NaN,NaN
57,-0.0295147265246576,0.8398314452484815,38.310200,0.7971963643214566,-0.003086,0.158224,false,false,false,3,11.51,2.17,11.91,2.96,18.60,2.58,34.33,7.65,4,9.62,2.28,13.01,2.95,20.62,2.75,29.94,10.06,5,NaN,NaN,NaN,NaN,23.23,9.81,28.22,11.57,6,11.99,2.93,18.68,3.49,NaN,NaN,NaN,NaN
58,-0.0295142419849475,0.8398318032846952,38.300700,0.7855692376861705,-0.010898,0.176672,false,false,false,3,12.06,2.90,12.06,2.90,18.54,2.21,36.63,7.66,4,7.54,3.51,7.55,3.54,12.81,4.13,32.30,10.07,5,7.63,6.37,17.75,16.86,28.00,10.42,31.32,10.89,6,11.90,2.96,16.36,3.26,NaN,NaN,NaN,NaN
59,-0.0295137918593502,0.8398321520519446,38.268700,0.7742052833183479,-0.009726,0.207197,false,false,false,3,NaN,NaN,NaN,NaN,19.25,2.24,38.88,7.69,4,NaN,NaN,NaN,NaN,14.93,4.19,33.40,9.56,5,13.28,17.90,13.48,17.95,30.73,9.26,31.13,9.58,6,NaN,NaN,NaN,NaN,NaN,NaN,NaN,NaN
60,-0.0295132867544926,0.8398325423938753,38.236700,0.7680265873487818,-0.013042,0.194707,false,false,false,3,NaN,NaN,NaN,NaN,20.48,2.26,31.21,6.35,4,15.09,3.84,16.50,5.62,30.19,6.16,30.32,6.17,5,10.87,17.93,11.07,17.98,NaN,NaN,NaN,NaN,6,NaN,NaN,NaN,NaN,NaN,NaN,NaN,NaN
61,-0.0295128703294144,0.8398328740522405,38.200700,0.7614759469605344,-0.000979,0.216140,false,false,false,3,NaN,NaN,NaN,NaN,21.38,2.28,32.98,6.39,4,13.20,3.88,14.58,5.65,12.75,4.01,32.17,6.21,5,7.15,19.14,30.84,21.18,12.95,6.09,16.86,7.97,6,NaN,NaN,NaN,NaN,NaN,NaN,NaN,NaN
62,-0.0295123989251764,0.8398332472868437,38.197650,0.7570042918395318,0.013492,0.173165,true,false,false,3,NaN,NaN,NaN,NaN,23.16,2.30,35.15,6.39,4,16.87,3.11,22.76,5.81,11.09,4.39,34.41,6.21,5,16.81,5.92,27.03,21.19,15.02,6.08,18.91,7.97,6,NaN,NaN,NaN,NaN,NaN,NaN,NaN,NaN
63,-0.0295119392288585,0.8398336200429518,38.239200,0.7623170890586143,-0.020800,0.153767,false,false,false,3,NaN,NaN,NaN,NaN,22.84,2.25,37.39,6.35,4,14.21,2.92,26.06,5.90,12.33,3.09,36.72,6.17,5,16.72,8.03,25.96,21.29,12.61,6.08,13.82,20.27,6,NaN,NaN,NaN,NaN,16.07,3.69,16.38,3.85
64,-0.0295114781060562,0.8398339771239781,38.176650,0.7625840335810401,0.002873,0.179408,false,false,false,3,NaN,NaN,NaN,NaN,21.65,2.36,39.72,6.41,4,12.31,3.04,24.09,6.46,12.32,3.12,26.59,4.89,5,13.15,6.13,24.67,21.45,12.88,15.74,15.81,20.34,6,NaN,NaN,NaN,NaN,16.07,3.86,17.43,3.94
65,-0.0295110074125426,0.8398343581957850,38.185700,0.7570048786539639,-0.009365,0.169374,false,false,false,3,NaN,NaN,NaN,NaN,20.84,3.86,39.87,6.04,4,9.16,2.36,21.87,6.45,12.20,2.69,28.34,4.90,5,10.35,5.79,26.41,21.94,14.98,15.73,14.98,15.73,6,NaN,NaN,NaN,NaN,16.12,3.94,17.96,4.01
66,-0.0295105470020377,0.8398347231140822,38.157200,0.7559914864480397,0.007147,0.198344,false,false,false,3,NaN,NaN,NaN,NaN,14.99,2.36,39.98,5.62,4,6.70,4.60,19.93,6.48,14.30,2.72,20.05,8.04,5,9.20,6.84,23.47,22.06,19.62,13.14,20.29,13.58,6,NaN,NaN,NaN,NaN,16.02,4.02,16.32,4.07
67,-0.0295101092960928,0.8398350792395596,38.178200,0.7446558862410186,-0.006418,0.138522,false,false,false,3,NaN,NaN,NaN,NaN,14.23,2.38,21.13,5.54,4,3.56,4.15,24.27,7.16,13.63,3.06,21.96,8.02,5,9.47,6.47,21.28,22.04,17.64,12.30,22.16,13.55,6,NaN,NaN,NaN,NaN,16.10,4.02,16.43,4.33
68,-0.0295096503098316,0.8398354598334545,38.158200,0.7441724718612466,-0.011352,0.220643,false,false,false,3,NaN,NaN,NaN,NaN,16.28,2.40,23.07,5.56,4,7.19,2.51,20.73,7.37,12.96,2.36,24.20,8.04,5,10.59,9.62,19.21,22.06,17.32,12.04,24.36,13.57,6,NaN,NaN,NaN,NaN,18.06,4.02,18.26,4.39
69,-0.0295092235996511,0.8398358076428302,38.125650,0.7323636855654574,-0.005769,0.191413,false,false,false,3,NaN,NaN,NaN,NaN,15.56,2.71,25.08,5.59,4,6.92,2.53,18.62,7.41,12.81,2.41,30.16,6.96,5,12.10,19.58,21.51,22.06,12.81,6.35,23.60,12.70,6,NaN,NaN,NaN,NaN,20.13,4.05,20.30,4.42
70,-0.0295087770364320,0.8398361955963312,38.107650,0.7174896678791708,0.017466,0.230782,true,false,false,3,NaN,NaN,NaN,NaN,13.39,2.62,26.74,5.08,4,14.51,6.80,16.66,7.42,14.98,4.78,21.77,5.39,5,9.48,14.72,22.24,21.83,15.00,6.37,21.68,12.12,6,NaN,NaN,NaN,NaN,NaN,NaN,NaN,NaN
71,-0.0295083304728996,0.8398365835505145,38.162150,0.7220686501409773,-0.027389,0.146413,true,false,false,3,8.73,2.31,11.77,3.38,13.14,2.46,18.03,3.26,4,10.31,3.32,17.23,7.21,13.66,2.78,18.85,4.32,5,15.41,16.42,22.83,21.59,NaN,NaN,NaN,NaN,6,NaN,NaN,NaN,NaN,NaN,NaN,NaN,NaN
72,-0.0295078941912213,0.8398369553504773,38.079650,0.7220691891944664,-0.031087,0.187368,true,false,false,3,7.46,2.42,11.26,3.79,15.16,2.54,17.75,3.23,4,4.23,5.34,15.11,7.30,15.64,2.86,19.19,3.59,5,3.31,5.29,18.25,21.53,NaN,NaN,NaN,NaN,6,NaN,NaN,NaN,NaN,NaN,NaN,NaN,NaN
73,-0.0295074476268608,0.8398373433036774,37.982650,0.7150947642556259,0.008939,0.110008,false,false,false,3,7.41,2.51,9.82,3.88,NaN,NaN,NaN,NaN,4,7.36,2.52,11.79,7.04,NaN,NaN,NaN,NaN,5,11.94,15.62,20.11,20.49,NaN,NaN,NaN,NaN,6,NaN,NaN,NaN,NaN,NaN,NaN,NaN,NaN
74,-0.0295070340507207,0.8398377063115030,38.008650,0.7274935191818911,0.007546,0.038399,false,false,false,3,8.73,2.74,10.24,3.22,NaN,NaN,NaN,NaN,4,6.45,2.69,13.47,7.93,19.59,2.48,22.07,5.57,5,13.04,8.22,21.39,19.16,9.76,15.30,9.86,15.47,6,NaN,NaN,NaN,NaN,NaN,NaN,NaN,NaN
75,-0.0295065640652218,0.8398380952197879,38.032700,0.7114178528259097,0.011393,0.185152,false,false,false,3,16.17,2.48,16.69,2.59,NaN,NaN,NaN,NaN,4,4.21,2.77,11.22,7.90,21.74,2.45,24.27,5.55,5,9.79,6.18,19.11,19.14,13.04,8.78,13.04,8.78,6,NaN,NaN,NaN,NaN,NaN,NaN,NaN,NaN
76,-0.0295061526274083,0.8398384817398947,38.067150,0.6959857334074723,-0.016675,0.170185,false,false,false,3,NaN,NaN,NaN,NaN,NaN,NaN,NaN,NaN,4,7.12,2.46,23.02,6.79,24.05,2.53,27.09,5.46,5,8.07,7.13,17.37,19.10,14.81,8.75,14.81,8.75,6,NaN,NaN,NaN,NaN,NaN,NaN,NaN,NaN
77,-0.0295057390490539,0.8398388447474966,38.018650,0.7033985412000248,-0.033895,0.164078,false,false,false,3,NaN,NaN,NaN,NaN,NaN,NaN,NaN,NaN,4,7.01,5.06,21.28,6.84,27.43,2.51,29.09,4.50,5,6.65,7.24,18.25,18.88,NaN,NaN,NaN,NaN,6,NaN,NaN,NaN,NaN,NaN,NaN,NaN,NaN
78,-0.0295053049054599,0.8398392400600891,37.912700,0.7000607810631400,0.021052,0.088419,false,false,false,3,NaN,NaN,NaN,NaN,NaN,NaN,NaN,NaN,4,10.82,5.53,10.82,5.53,30.43,2.58,31.53,3.97,5,6.65,8.87,10.09,18.31,16.51,6.59,17.11,6.75,6,NaN,NaN,NaN,NaN,NaN,NaN,NaN,NaN
79,-0.0295048700473160,0.8398396275351447,37.977700,0.7000607810631400,0.003519,0.171682,false,false,false,3,NaN,NaN,NaN,NaN,NaN,NaN,NaN,NaN,4,11.41,3.39,19.22,5.37,NaN,NaN,NaN,NaN,5,6.33,6.61,11.38,16.94,18.59,6.59,19.20,6.68,6,NaN,NaN,NaN,NaN,NaN,NaN,NaN,NaN
80,-0.0295044359029636,0.8398400228475460,37.988700,0.6876140812013865,-0.007788,0.142751,false,false,false,3,NaN,NaN,NaN,NaN,NaN,NaN,NaN,NaN,4,8.02,3.49,10.45,5.59,NaN,NaN,NaN,NaN,5,6.65,12.56,9.38,14.97,NaN,NaN,NaN,NaN,6,NaN,NaN,NaN,NaN,NaN,NaN,NaN,NaN
81,-0.0295040244621868,0.8398404093672560,37.965150,0.6917247184889774,0.000348,0.141956,false,false,false,3,NaN,NaN,NaN,NaN,NaN,NaN,NaN,NaN,4,6.53,2.58,9.44,5.52,18.84,2.59,18.94,2.61,5,8.17,5.71,22.55,12.38,NaN,NaN,NaN,NaN,6,NaN,NaN,NaN,NaN,NaN,NaN,NaN,NaN
82,-0.0295036005995886,0.8398407885269408,37.966200,0.6876135651479672,-0.004181,0.137116,false,false,false,3,NaN,NaN,NaN,NaN,NaN,NaN,NaN,NaN,4,7.16,2.68,11.43,5.64,20.66,2.59,20.76,2.61,5,10.39,5.72,21.66,11.02,NaN,NaN,NaN,NaN,6,NaN,NaN,NaN,NaN,NaN,NaN,NaN,NaN
83,-0.0295031788756614,0.8398411911997867,37.953100,0.6774173550074866,-0.008710,0.147697,false,false,false,3,NaN,NaN,NaN,NaN,NaN,NaN,NaN,NaN,4,7.67,3.58,8.80,5.84,21.98,2.81,21.98,2.81,5,8.21,6.15,19.80,14.07,NaN,NaN,NaN,NaN,6,NaN,NaN,NaN,NaN,NaN,NaN,NaN,NaN
84,-0.0295027564371339,0.8398415860343170,37.926150,0.6736089766817597,0.000513,0.174498,false,false,false,3,NaN,NaN,NaN,NaN,NaN,NaN,NaN,NaN,4,7.39,4.31,8.65,5.83,23.87,2.84,23.87,2.84,5,7.48,6.14,17.22,14.82,NaN,NaN,NaN,NaN,6,NaN,NaN,NaN,NaN,NaN,NaN,NaN,NaN
85,-0.0295023677023736,0.8398419637601721,37.927650,0.6749069600142610,-0.016117,0.144082,false,false,false,3,NaN,NaN,NaN,NaN,NaN,NaN,NaN,NaN,4,6.85,5.12,24.09,5.83,25.22,3.16,25.22,3.16,5,6.60,6.09,17.04,16.75,NaN,NaN,NaN,NaN,6,NaN,NaN,NaN,NaN,NaN,NaN,NaN,NaN
86,-0.0295019342676744,0.8398423669103425,37.876650,0.6761760510298056,0.002022,0.200933,false,false,false,3,NaN,NaN,NaN,NaN,NaN,NaN,NaN,NaN,4,7.41,3.06,21.88,5.88,26.99,3.21,27.09,3.22,5,8.90,11.62,14.98,16.80,NaN,NaN,NaN,NaN,6,NaN,NaN,NaN,NaN,NaN,NaN,NaN,NaN
87,-0.0295015345345016,0.8398427529527259,37.882700,0.6633681525827828,0.010122,0.181047,false,false,false,3,NaN,NaN,NaN,NaN,NaN,NaN,NaN,NaN,4,7.71,2.76,20.07,5.88,28.84,3.21,28.94,3.22,5,8.36,6.53,12.61,16.60,NaN,NaN,NaN,NaN,6,NaN,NaN,NaN,NaN,NaN,NaN,NaN,NaN
88,-0.0295011245183419,0.8398431551467613,37.914100,0.6633686579479335,-0.002322,0.135940,false,false,false,3,21.13,2.77,21.13,2.77,NaN,NaN,NaN,NaN,4,7.25,2.68,12.70,6.24,30.92,3.18,31.02,3.19,5,9.25,6.16,11.81,14.52,NaN,NaN,NaN,NaN,6,NaN,NaN,NaN,NaN,NaN,NaN,NaN,NaN
89,-0.0295007247844010,0.8398435411881965,37.907150,0.6722792477712779,-0.011495,0.134531,false,false,false,3,11.05,2.69,11.52,3.13,NaN,NaN,NaN,NaN,4,8.01,2.58,10.78,6.24,NaN,NaN,NaN,NaN,5,10.43,7.61,11.45,9.52,NaN,NaN,NaN,NaN,6,NaN,NaN,NaN,NaN,NaN,NaN,NaN,NaN
90,-0.0295003243371548,0.8398439193920599,37.873200,0.6583468144312048,0.008313,0.204830,false,false,false,3,9.14,2.95,9.67,3.17,NaN,NaN,NaN,NaN,4,6.91,2.63,8.61,3.57,21.79,2.67,21.90,2.72,5,NaN,NaN,NaN,NaN,NaN,NaN,NaN,NaN,6,NaN,NaN,NaN,NaN,NaN,NaN,NaN,NaN
91,-0.0294999157459146,0.8398443372616073,37.899650,0.6548831298511892,-0.006024,0.142550,false,false,false,3,NaN,NaN,NaN,NaN,NaN,NaN,NaN,NaN,4,7.66,2.63,7.97,2.82,23.51,2.64,23.62,2.69,5,NaN,NaN,NaN,NaN,NaN,NaN,NaN,NaN,6,NaN,NaN,NaN,NaN,NaN,NaN,NaN,NaN
92,-0.0294995050142561,0.8398447316186449,37.881200,0.6619368460437179,-0.005740,0.174567,false,false,false,3,NaN,NaN,NaN,NaN,NaN,NaN,NaN,NaN,4,NaN,NaN,NaN,NaN,25.51,2.66,25.60,2.71,5,NaN,NaN,NaN,NaN,NaN,NaN,NaN,NaN,6,10.82,2.59,11.26,2.59,NaN,NaN,NaN,NaN
93,-0.0294991169886301,0.8398451171821784,37.864200,0.6470604309026035,-0.009585,0.209920,false,false,false,3,NaN,NaN,NaN,NaN,NaN,NaN,NaN,NaN,4,NaN,NaN,NaN,NaN,NaN,NaN,NaN,NaN,5,NaN,NaN,NaN,NaN,NaN,NaN,NaN,NaN,6,9.48,2.60,9.48,2.60,NaN,NaN,NaN,NaN
94,-0.0294987406723854,0.8398455022680646,37.836100,0.6436650189139864,-0.003581,0.226102,false,false,false,3,NaN,NaN,NaN,NaN,NaN,NaN,NaN,NaN,4,NaN,NaN,NaN,NaN,9.26,2.99,20.50,3.09,5,NaN,NaN,NaN,NaN,NaN,NaN,NaN,NaN,6,NaN,NaN,NaN,NaN,NaN,NaN,NaN,NaN
95,-0.0294983423622762,0.8398459039839966,37.825100,0.6453129634704189,0.005497,0.216163,false,false,false,3,NaN,NaN,NaN,NaN,NaN,NaN,NaN,NaN,4,NaN,NaN,NaN,NaN,21.93,3.14,21.93,3.14,5,3.80,6.61,3.80,6.61,NaN,NaN,NaN,NaN,6,NaN,NaN,NaN,NaN,NaN,NaN,NaN,NaN
96,-0.0294979550485919,0.8398462973847908,37.841600,0.6369640724218685,0.015142,0.191972,false,false,false,3,NaN,NaN,NaN,NaN,NaN,NaN,NaN,NaN,4,NaN,NaN,NaN,NaN,23.77,3.12,23.77,3.12,5,NaN,NaN,NaN,NaN,NaN,NaN,NaN,NaN,6,NaN,NaN,NaN,NaN,24.81,4.09,25.37,4.27
97,-0.0294975794442988,0.8398466903079449,37.886600,0.6351894113828409,-0.004776,0.114619,false,false,false,3,NaN,NaN,NaN,NaN,NaN,NaN,NaN,NaN,4,NaN,NaN,NaN,NaN,NaN,NaN,NaN,NaN,5,NaN,NaN,NaN,NaN,24.60,4.31,24.81,4.34,6,NaN,NaN,NaN,NaN,24.91,4.37,25.73,4.39
98,-0.0294972031256410,0.8398470753943674,37.872600,0.6386968265536683,-0.005302,0.132356,false,false,false,3,NaN,NaN,NaN,NaN,NaN,NaN,NaN,NaN,4,NaN,NaN,NaN,NaN,13.94,2.67,14.96,3.05,5,NaN,NaN,NaN,NaN,26.33,4.32,26.53,4.35,6,NaN,NaN,NaN,NaN,26.63,4.38,27.42,4.41
99,-0.0294968055283272,0.8398474849482137,37.856100,0.6271354644988378,-0.022259,0.148365,false,false,false,3,NaN,NaN,NaN,NaN,NaN,NaN,NaN,NaN,4,NaN,NaN,NaN,NaN,10.59,2.62,17.46,3.95,5,NaN,NaN,NaN,NaN,28.38,4.34,28.56,4.37,6,NaN,NaN,NaN,NaN,28.66,4.40,29.42,4.42
100,-0.0294964416316131,0.8398478773936383,37.790600,0.6233611655347786,0.000673,0.213074,false,false,false,3,NaN,NaN,NaN,NaN,NaN,NaN,NaN,NaN,4,NaN,NaN,NaN,NaN,11.26,2.77,13.74,5.33,5,NaN,NaN,NaN,NaN,NaN,NaN,NaN,NaN,6,NaN,NaN,NaN,NaN,NaN,NaN,NaN,NaN
101,-0.0294960660260013,0.8398482703165024,37.792600,0.6233613583920647,0.007476,0.212920,false,false,false,3,NaN,NaN,NaN,NaN,NaN,NaN,NaN,NaN,4,NaN,NaN,NaN,NaN,12.82,2.85,15.43,5.33,5,NaN,NaN,NaN,NaN,NaN,NaN,NaN,NaN,6,NaN,NaN,NaN,NaN,NaN,NaN,NaN,NaN
102,-0.0294957021275491,0.8398486627626206,37.814600,0.6136207724116781,0.008352,0.170647,false,false,false,3,NaN,NaN,NaN,NaN,NaN,NaN,NaN,NaN,4,NaN,NaN,NaN,NaN,15.66,2.75,16.07,3.91,5,NaN,NaN,NaN,NaN,NaN,NaN,NaN,NaN,6,NaN,NaN,NaN,NaN,NaN,NaN,NaN,NaN
103,-0.0294953279472056,0.8398490713611090,37.840100,0.6108854759274573,0.008352,0.108967,false,false,false,3,NaN,NaN,NaN,NaN,NaN,NaN,NaN,NaN,4,NaN,NaN,NaN,NaN,10.26,2.64,12.28,3.25,5,NaN,NaN,NaN,NaN,NaN,NaN,NaN,NaN,6,NaN,NaN,NaN,NaN,NaN,NaN,NaN,NaN
